CustomerID,NumInvoices,TotalSpending,Cluster
12346.0,2,0.0,0
12347.0,7,4310.0,0
12348.0,4,1797.24,0
12349.0,1,1757.55,0
12350.0,1,334.4,0
12352.0,11,1545.41,0
12353.0,1,89.0,0
12354.0,1,1079.4,0
12355.0,1,459.4,0
12356.0,3,2811.43,0
12357.0,1,6207.67,0
12358.0,2,1168.06,0
12359.0,6,6245.53,0
12360.0,3,2662.06,0
12361.0,1,189.9,0
12362.0,13,5154.58,0
12363.0,2,552.0,0
12364.0,4,1313.1,0
12365.0,3,320.69,0
12367.0,1,168.9,0
12370.0,4,3545.69,0
12371.0,2,1887.96,0
12372.0,3,1298.04,0
12373.0,1,364.6,0
12374.0,1,742.9300000000001,0
12375.0,3,455.42,0
12377.0,2,1628.12,0
12378.0,1,4008.62,0
12379.0,3,850.29,0
12380.0,5,2720.56,0
12381.0,6,1803.96,0
12383.0,6,1839.31,0
12384.0,3,566.16,0
12386.0,2,401.9,0
12388.0,6,2780.66,0
12390.0,1,549.84,0
12391.0,1,460.89,0
12393.0,4,1582.6000000000001,0
12394.0,2,1272.48,0
12395.0,15,2998.28,0
12397.0,2,2409.9,0
12398.0,1,1635.6599999999999,0
12399.0,4,1108.65,0
12401.0,1,84.3,0
12402.0,1,225.6,0
12403.0,2,409.7,0
12405.0,1,1710.39,0
12406.0,3,3280.75,0
12407.0,5,1708.1200000000001,0
12408.0,9,2842.57,0
12409.0,7,11056.93,0
12410.0,3,681.0799999999999,0
12412.0,3,1226.88,0
12413.0,5,694.15,0
12414.0,3,562.41,0
12415.0,26,123725.45,1
12417.0,12,3578.8,0
12418.0,1,668.58,0
12420.0,1,600.39,0
12421.0,5,806.27,0
12422.0,3,803.5600000000001,0
12423.0,9,1849.11,0
12424.0,2,1760.96,0
12425.0,1,777.2,0
12426.0,1,582.73,0
12427.0,5,708.37,0
12428.0,12,7877.2,0
12429.0,4,3750.4,0
12430.0,1,256.4,0
12431.0,18,6416.39,2
12432.0,5,5059.32,0
12433.0,7,13375.87,0
12434.0,4,765.19,0
12435.0,2,7829.89,0
12436.0,1,509.01,0
12437.0,19,4896.66,2
12438.0,2,2906.85,0
12441.0,1,173.55,0
12442.0,1,172.06,0
12444.0,5,5005.46,0
12445.0,1,133.4,0
12446.0,1,1002.3100000000001,0
12447.0,1,476.49,0
12448.0,1,449.45,0
12449.0,4,4067.29,0
12450.0,2,197.88,0
12451.0,6,8933.52,0
12452.0,3,428.57,0
12453.0,1,707.09,0
12454.0,2,5.684341886080802e-14,0
12455.0,6,2466.86,0
12456.0,4,3153.89,0
12457.0,12,1917.78,0
12458.0,2,947.4,0
12461.0,2,826.88,0
12462.0,4,1124.01,0
12463.0,7,1303.63,0
12464.0,8,1212.05,0
12465.0,3,733.89,0
12468.0,3,724.0400000000001,0
12471.0,49,18740.92,2
12472.0,13,6229.48,0
12473.0,9,2848.23,0
12474.0,30,7116.47,2
12475.0,1,723.38,0
12476.0,20,6546.58,2
12477.0,9,13117.01,0
12478.0,1,680.99,0
12479.0,3,477.3,0
12480.0,4,3281.63,0
12481.0,11,5590.86,0
12483.0,13,2327.13,0
12484.0,8,4495.27,0
12488.0,3,1298.66,0
12489.0,1,334.93,0
12490.0,10,5417.93,0
12491.0,1,460.40000000000003,0
12492.0,2,263.21000000000004,0
12493.0,3,416.79,0
12494.0,13,1139.3500000000001,0
12497.0,1,1043.1,0
12498.0,3,403.70000000000005,0
12500.0,13,4206.27,0
12501.0,2,2089.68,0
12502.0,5,3723.87,0
12503.0,1,-1126.0,0
12504.0,4,114.0,0
12505.0,1,-4.5,0
12506.0,1,73.5,0
12507.0,4,1258.06,0
12508.0,2,398.27,0
12509.0,1,176.5,0
12510.0,2,982.5699999999999,0
12512.0,2,138.03,0
12513.0,2,586.79,0
12514.0,1,1017.68,0
12515.0,1,383.7,0
12516.0,2,1312.06,0
12517.0,6,2464.89,0
12518.0,5,2056.89,0
12519.0,1,340.84,0
12520.0,6,2582.51,0
12521.0,1,599.68,0
12522.0,2,192.72,0
12523.0,13,1745.57,0
12524.0,8,4485.72,0
12526.0,3,1316.66,0
12527.0,3,348.71000000000004,0
12528.0,8,1922.28,0
12530.0,5,1623.63,0
12531.0,1,125.22,0
12532.0,1,349.83000000000004,0
12534.0,1,1089.18,0
12535.0,2,716.35,0
12536.0,5,4106.82,0
12538.0,1,363.95,0
12539.0,5,3852.5,0
12540.0,19,13309.039999999999,2
12541.0,3,981.18,0
12544.0,2,355.7,0
12545.0,2,1000.39,0
12546.0,3,1141.5,0
12547.0,2,207.79999999999998,0
12548.0,1,95.19999999999999,0
12550.0,1,964.83,0
12551.0,1,168.0,0
12552.0,2,437.82,0
12553.0,14,3652.25,0
12556.0,2,603.71,0
12557.0,5,11990.960000000001,0
12558.0,2,1.0658141036401503e-14,0
12559.0,3,536.21,0
12560.0,4,2101.39,0
12561.0,1,238.85,0
12562.0,7,3781.7400000000002,0
12564.0,1,456.9,0
12565.0,2,131.17,0
12566.0,2,346.7,0
12567.0,11,9114.94,0
12569.0,35,4064.9900000000002,2
12571.0,2,519.61,0
12572.0,3,1004.72,0
12573.0,1,160.54000000000002,0
12574.0,1,218.45,0
12576.0,6,1306.98,0
12577.0,4,595.4,0
12578.0,4,2753.36,0
12579.0,3,410.72,0
12580.0,1,415.7,0
12581.0,1,197.71,0
12582.0,2,511.36,0
12583.0,18,7187.34,2
12584.0,18,1893.95,2
12585.0,4,1982.81,0
12586.0,2,179.94000000000003,0
12587.0,1,144.0,0
12588.0,1,214.89999999999998,0
12589.0,2,646.68,0
12590.0,3,9861.38,0
12591.0,1,452.84999999999997,0
12592.0,2,437.6,0
12593.0,3,418.09999999999997,0
12594.0,11,3320.2200000000003,0
12596.0,2,618.27,0
12597.0,5,3683.13,0
12598.0,9,3002.68,0
12599.0,7,1032.58,0
12600.0,11,2581.04,0
12601.0,6,569.5600000000001,0
12602.0,1,153.12,0
12603.0,1,739.1999999999999,0
12604.0,2,254.18,0
12605.0,1,-7.5,0
12607.0,2,3.552713678800501e-15,0
12609.0,3,1126.85,0
12610.0,7,2057.99,0
12611.0,1,1193.32,0
12612.0,2,643.59,0
12613.0,6,3218.98,0
12614.0,1,315.6,0
12615.0,4,2291.19,0
12616.0,5,657.25,0
12617.0,1,355.53,0
12618.0,1,177.31,0
12619.0,13,3214.81,0
12620.0,3,1339.41,0
12621.0,23,13612.07,2
12622.0,1,180.1,0
12623.0,1,305.1,0
12624.0,2,641.13,0
12625.0,3,2614.32,0
12626.0,13,6388.35,0
12627.0,7,4478.53,0
12628.0,4,769.61,0
12630.0,2,1270.88,0
12631.0,1,640.5,0
12633.0,5,2140.63,0
12635.0,2,1689.18,0
12637.0,10,5953.25,0
12638.0,1,671.69,0
12639.0,1,486.1,0
12640.0,3,1174.58,0
12641.0,1,185.9,0
12642.0,3,1013.26,0
12643.0,6,3344.64,0
12644.0,1,477.91,0
12645.0,5,1755.38,0
12646.0,2,1346.97,0
12647.0,13,3669.92,0
12648.0,1,318.05,0
12649.0,4,603.71,0
12650.0,1,314.44,0
12651.0,1,114.0,0
12652.0,2,914.53,0
12653.0,2,2209.85,0
12654.0,5,601.98,0
12656.0,8,3982.72,0
12657.0,5,1152.06,0
12658.0,1,686.05,0
12659.0,1,91.68,0
12660.0,1,245.1,0
12662.0,12,3817.08,0
12664.0,10,4863.88,0
12665.0,2,61.75,0
12666.0,1,-227.44,0
12667.0,1,620.13,0
12668.0,6,3743.18,0
12669.0,4,1607.73,0
12670.0,6,2986.15,0
12672.0,1,225.89999999999998,0
12673.0,2,610.52,0
12674.0,7,1919.31,0
12676.0,6,1331.39,0
12678.0,13,17588.26,2
12679.0,9,1058.67,0
12680.0,4,862.81,0
12681.0,27,13677.59,2
12682.0,31,12288.22,2
12683.0,20,8221.09,2
12684.0,7,2283.63,0
12685.0,6,2863.08,0
12686.0,1,89.14,0
12688.0,1,4873.8099999999995,0
12689.0,2,1247.61,0
12690.0,1,389.01,0
12691.0,6,1035.8,0
12693.0,6,830.96,0
12694.0,2,869.67,0
12695.0,4,582.1,0
12697.0,5,939.02,0
12700.0,6,4867.99,0
12701.0,2,797.71,0
12702.0,1,219.0,0
12703.0,2,274.7,0
12704.0,10,2220.84,0
12705.0,14,6814.24,0
12707.0,1,603.42,0
12708.0,16,2616.32,0
12709.0,26,9294.1,2
12710.0,4,1130.57,0
12712.0,17,4241.63,2
12713.0,1,848.55,0
12714.0,5,4708.86,0
12715.0,1,353.86,0
12716.0,2,1053.49,0
12717.0,3,980.98,0
12718.0,1,238.25,0
12719.0,3,608.1,0
12720.0,29,5713.28,2
12721.0,7,2628.98,0
12722.0,6,904.33,0
12723.0,5,725.07,0
12724.0,4,1031.41,0
12725.0,1,427.8,0
12726.0,7,2609.1,0
12727.0,9,3947.7,0
12728.0,4,836.33,0
12729.0,1,453.01,0
12731.0,14,18793.41,2
12732.0,1,236.26000000000002,0
12733.0,1,383.95,0
12734.0,1,110.39999999999999,0
12735.0,2,779.5699999999999,0
12736.0,1,234.0,0
12738.0,1,155.35,0
12739.0,2,1013.04,0
12740.0,1,427.6,0
12743.0,2,546.43,0
12744.0,10,9120.39,0
12747.0,11,4196.01,0
12748.0,224,29072.1,1
12749.0,8,3868.2,0
12750.0,1,275.88,0
12752.0,1,4366.78,0
12753.0,11,21024.01,2
12754.0,5,2949.12,0
12755.0,4,2203.2,0
12756.0,1,112.07999999999998,0
12757.0,19,4227.7,2
12758.0,2,2791.59,0
12759.0,3,1531.44,0
12762.0,2,1898.52,0
12763.0,2,494.08,0
12764.0,1,1693.88,0
12766.0,7,6989.63,0
12769.0,1,1143.6,0
12770.0,1,1351.45,0
12772.0,1,892.47,0
12775.0,6,1351.24,0
12778.0,7,804.23,0
12779.0,12,3868.7,0
12781.0,5,707.72,0
12782.0,6,2273.32,0
12783.0,8,1603.87,0
12784.0,2,574.42,0
12785.0,2,305.71,0
12787.0,3,463.66,0
12789.0,1,91.85,0
12790.0,1,324.92,0
12791.0,1,192.60000000000002,0
12792.0,1,400.53999999999996,0
12793.0,2,545.48,0
12794.0,2,860.41,0
12795.0,1,430.48,0
12797.0,3,194.18,0
12798.0,3,6977.04,0
12802.0,2,412.58,0
12808.0,3,483.65000000000003,0
12809.0,2,484.36,0
12811.0,3,514.85,0
12812.0,1,229.64000000000001,0
12814.0,1,125.92,0
12815.0,2,1063.46,0
12816.0,2,572.2,0
12817.0,1,166.04,0
12818.0,2,1517.88,0
12820.0,4,942.34,0
12821.0,1,92.72,0
12822.0,3,918.98,0
12823.0,5,1759.5,0
12824.0,1,397.12,0
12826.0,8,1468.1200000000001,0
12827.0,3,430.15000000000003,0
12828.0,6,1018.71,0
12829.0,3,253.05,0
12830.0,7,6748.4,0
12831.0,1,215.05,0
12832.0,2,383.03,0
12833.0,1,417.38,0
12834.0,1,312.38,0
12836.0,4,2612.86,0
12837.0,1,134.1,0
12838.0,2,683.13,0
12839.0,16,5583.62,2
12840.0,6,2714.27,0
12841.0,26,3876.4,2
12842.0,2,1118.99,0
12843.0,9,1680.76,0
12844.0,2,325.96000000000004,0
12845.0,4,354.09,0
12847.0,1,871.54,0
12849.0,2,1050.8899999999999,0
12851.0,1,135.18,0
12852.0,2,299.75,0
12853.0,9,1881.7,0
12854.0,5,1289.15,0
12855.0,1,38.1,0
12856.0,8,2162.68,0
12857.0,2,1106.4,0
12863.0,2,504.2,0
12864.0,1,147.12,0
12865.0,3,1548.07,0
12866.0,1,559.12,0
12867.0,10,3986.22,0
12868.0,6,1607.0600000000002,0
12870.0,1,-14.899999999999999,0
12871.0,2,380.64,0
12872.0,2,599.97,0
12873.0,1,374.0,0
12875.0,2,343.2300000000001,0
12876.0,2,2218.02,0
12877.0,12,1535.77,0
12878.0,3,841.64,0
12879.0,4,552.5699999999999,0
12881.0,1,298.0,0
12882.0,2,1463.04,0
12883.0,4,703.47,0
12884.0,1,309.05,0
12885.0,4,1158.27,0
12886.0,3,1351.09,0
12888.0,4,313.77,0
12890.0,1,380.46999999999997,0
12891.0,3,331.0,0
12893.0,1,188.14,0
12895.0,3,347.3,0
12897.0,2,216.5,0
12901.0,36,16293.1,2
12902.0,1,138.68,0
12904.0,2,509.58,0
12906.0,5,2919.81,0
12908.0,4,246.0,0
12909.0,8,2128.83,0
12910.0,8,3075.04,0
12912.0,5,1662.3,0
12913.0,5,2483.63,0
12915.0,2,363.65,0
12916.0,5,2982.35,0
12917.0,1,594.0,0
12919.0,8,1301.44,0
12920.0,1,164.23,0
12921.0,50,16389.74,2
12922.0,1,405.38,0
12923.0,1,176.97,0
12924.0,5,929.95,0
12925.0,2,694.05,0
12928.0,5,2062.7000000000003,0
12929.0,2,105.1,0
12930.0,4,409.9,0
12931.0,20,33462.81,2
12933.0,4,606.28,0
12935.0,8,2156.45,0
12936.0,5,1012.9,0
12937.0,4,1504.27,0
12938.0,1,114.14,0
12939.0,8,11581.8,0
12940.0,4,876.29,0
12942.0,3,683.9,0
12943.0,1,-3.75,0
12944.0,2,604.51,0
12945.0,1,462.95,0
12947.0,11,1407.29,0
12948.0,8,2053.7,0
12949.0,10,4143.02,0
12950.0,3,1843.0,0
12951.0,8,1042.07,0
12952.0,5,1382.8400000000001,0
12953.0,1,329.85,0
12955.0,14,4734.26,0
12956.0,1,108.07,0
12957.0,12,3979.04,0
12962.0,2,266.39,0
12963.0,9,1841.03,0
12965.0,1,771.91,0
12966.0,1,160.18,0
12967.0,4,1194.75,0
12968.0,1,135.95,0
12970.0,4,452.24,0
12971.0,89,10930.26,2
12974.0,1,144.8,0
12976.0,1,738.6,0
12977.0,1,39.239999999999995,0
12980.0,12,7092.06,0
12981.0,2,372.21999999999997,0
12982.0,2,377.2,0
12984.0,1,97.5,0
12985.0,3,1215.6200000000001,0
12987.0,3,545.0,0
12988.0,1,535.32,0
12989.0,19,6854.51,2
12990.0,3,409.5,0
12991.0,2,503.76,0
12993.0,4,414.76,0
12994.0,5,902.22,0
12995.0,2,200.72,0
12997.0,7,1197.94,0
12999.0,3,455.88,0
13000.0,3,534.85,0
13001.0,15,9797.92,2
13002.0,1,120.94999999999999,0
13003.0,3,149.05,0
13004.0,22,5613.43,2
13005.0,3,468.95,0
13006.0,1,81.57,0
13008.0,2,178.46999999999997,0
13011.0,1,50.550000000000004,0
13012.0,11,1311.6200000000001,0
13013.0,15,4786.99,0
13014.0,16,3365.43,0
13015.0,5,3346.28,0
13016.0,3,789.89,0
13017.0,1,204.0,0
13018.0,29,7272.75,2
13021.0,12,2584.4,0
13023.0,2,689.9,0
13026.0,8,936.15,0
13027.0,6,6912.0,0
13028.0,3,659.68,0
13029.0,3,1247.5,0
13030.0,2,799.48,0
13032.0,3,996.52,0
13033.0,1,190.55,0
13034.0,2,642.77,0
13035.0,3,886.63,0
13037.0,3,881.07,0
13038.0,3,908.46,0
13040.0,2,676.99,0
13043.0,2,471.57,0
13044.0,1,560.47,0
13045.0,1,305.28000000000003,0
13046.0,2,629.31,0
13047.0,18,3079.1,2
13048.0,5,1805.91,0
13049.0,2,656.6800000000001,0
13050.0,28,5684.61,2
13052.0,1,348.15000000000003,0
13055.0,4,1201.96,0
13058.0,3,271.40000000000003,0
13059.0,1,183.4,0
13060.0,1,307.53,0
13061.0,1,248.61,0
13062.0,1,346.98,0
13064.0,4,1119.49,0
13065.0,1,205.86,0
13066.0,3,430.9,0
13067.0,1,115.46000000000001,0
13068.0,2,344.0,0
13069.0,27,3717.82,2
13070.0,1,228.8,0
13072.0,1,177.15,0
13075.0,1,919.61,0
13077.0,4,729.27,0
13078.0,43,12432.28,2
13079.0,5,220.10000000000002,0
13080.0,1,58.08,0
13081.0,21,27964.48,2
13082.0,10,3595.48,0
13083.0,2,303.75,0
13085.0,3,272.38,0
13089.0,118,57385.88,1
13090.0,18,8689.39,2
13091.0,2,319.82,0
13092.0,6,459.83,0
13093.0,13,7741.47,0
13094.0,16,1708.8600000000001,0
13095.0,1,74.39999999999999,0
13097.0,14,5893.32,0
13098.0,41,28658.88,2
13099.0,1,207.35999999999999,0
13101.0,1,101.19,0
13102.0,27,6336.29,2
13103.0,1,243.94,0
13104.0,6,1098.48,0
13106.0,2,59.5,0
13107.0,5,1524.07,0
13108.0,1,350.06,0
13109.0,5,766.84,0
13110.0,8,1452.8700000000001,0
13113.0,40,10510.0,2
13115.0,14,2205.63,0
13116.0,2,485.19,0
13117.0,8,984.91,0
13118.0,7,1125.0,0
13120.0,1,30.599999999999998,0
13121.0,2,254.73,0
13122.0,2,922.39,0
13124.0,3,3866.33,0
13126.0,10,2056.29,0
13127.0,1,259.17,0
13130.0,1,64.0,0
13131.0,4,1039.3,0
13132.0,1,77.3,0
13133.0,2,109.8,0
13134.0,7,1740.63,0
13135.0,1,3096.0,0
13136.0,11,2545.38,0
13137.0,9,3605.08,0
13138.0,6,962.39,0
13139.0,8,5055.79,0
13140.0,3,423.72,0
13141.0,6,2385.8,0
13142.0,1,307.09,0
13144.0,1,110.95,0
13145.0,5,614.77,0
13146.0,1,228.91,0
13147.0,4,712.8000000000001,0
13148.0,17,3348.48,0
13149.0,4,1676.06,0
13151.0,2,1250.3700000000001,0
13153.0,1,486.22,0
13154.0,1,-611.86,0
13155.0,4,971.76,0
13157.0,5,1721.57,0
13158.0,4,1201.06,0
13159.0,5,1379.75,0
13160.0,1,91.8,0
13161.0,1,112.75,0
13162.0,5,1644.99,0
13165.0,2,1021.48,0
13166.0,2,414.7,0
13167.0,4,791.33,0
13168.0,5,1310.14,0
13169.0,2,712.88,0
13170.0,1,116.00999999999999,0
13171.0,5,426.81,0
13173.0,2,353.65,0
13174.0,3,2817.03,0
13176.0,1,492.84,0
13177.0,1,282.45,0
13178.0,11,5725.47,0
13182.0,1,121.18,0
13183.0,9,3957.78,0
13184.0,12,1648.79,0
13185.0,1,71.4,0
13186.0,5,1539.69,0
13187.0,1,236.02,0
13188.0,1,114.60000000000001,0
13189.0,2,260.68,0
13192.0,2,911.94,0
13193.0,1,117.88,0
13194.0,1,60.7,0
13196.0,4,1797.78,0
13198.0,8,3384.09,0
13199.0,39,9803.96,2
13200.0,4,870.09,0
13203.0,4,869.46,0
13207.0,2,250.26000000000002,0
13208.0,7,1205.9,0
13209.0,11,5820.16,0
13210.0,1,353.48,0
13211.0,3,1197.42,0
13212.0,4,780.58,0
13213.0,6,1518.43,0
13216.0,1,333.74,0
13217.0,5,133.62,0
13218.0,1,62.63999999999999,0
13220.0,4,819.2900000000001,0
13221.0,2,847.41,0
13223.0,2,163.20000000000002,0
13224.0,3,2150.85,0
13225.0,8,6083.04,0
13226.0,1,108.21000000000001,0
13227.0,1,257.7,0
13228.0,1,358.0,0
13229.0,1,160.95,0
13230.0,15,2763.41,0
13232.0,7,1357.6,0
13233.0,2,605.12,0
13235.0,2,101.17000000000007,0
13236.0,3,727.27,0
13238.0,5,680.83,0
13239.0,1,329.56,0
13240.0,4,663.65,0
13242.0,3,270.40000000000003,0
13243.0,1,600.07,0
13244.0,1,121.74000000000001,0
13245.0,1,430.5,0
13246.0,7,1922.1,0
13247.0,4,501.12,0
13248.0,2,465.68,0
13249.0,3,711.41,0
13253.0,2,1030.4,0
13255.0,3,390.66,0
13256.0,1,0.0,0
13258.0,3,698.58,0
13259.0,1,292.32,0
13260.0,1,557.62,0
13261.0,2,944.1,0
13262.0,1,200.29,0
13263.0,35,7454.07,2
13265.0,5,2107.66,0
13266.0,19,3717.67,2
13267.0,27,4404.44,2
13268.0,15,3167.64,0
13269.0,17,5315.92,2
13270.0,1,590.0,0
13271.0,2,178.26,0
13272.0,2,276.56,0
13273.0,1,138.98,0
13276.0,2,590.9300000000001,0
13277.0,4,258.4,0
13278.0,1,542.73,0
13279.0,2,126.30000000000001,0
13280.0,3,814.86,0
13282.0,6,1047.8400000000001,0
13283.0,2,93.66,0
13284.0,2,196.15,0
13285.0,4,2709.12,0
13291.0,1,361.11,0
13292.0,2,578.9399999999999,0
13294.0,2,873.74,0
13295.0,2,197.95000000000002,0
13296.0,1,87.4,0
13297.0,4,2089.85,0
13298.0,1,360.0,0
13299.0,1,142.5,0
13300.0,2,365.29,0
13301.0,4,618.09,0
13302.0,1,63.75,0
13304.0,1,300.42,0
13305.0,10,2000.86,0
13307.0,1,15.0,0
13308.0,4,1367.6100000000001,0
13309.0,5,1456.79,0
13310.0,6,1083.63,0
13311.0,2,598.57,0
13313.0,5,1555.32,0
13314.0,4,578.66,0
13316.0,5,5815.49,0
13317.0,9,2140.07,0
13318.0,3,640.76,0
13319.0,36,10664.34,2
13320.0,6,1491.7,0
13321.0,2,567.36,0
13322.0,1,199.48000000000002,0
13323.0,5,787.85,0
13324.0,12,7072.8,0
13325.0,1,675.3,0
13327.0,9,3617.57,0
13328.0,1,1308.48,0
13329.0,4,740.4,0
13330.0,3,1140.93,0
13332.0,1,350.9,0
13334.0,3,3536.82,0
13336.0,1,795.12,0
13338.0,3,431.82,0
13339.0,1,860.12,0
13340.0,7,10736.48,0
13341.0,1,775.85,0
13343.0,2,303.93,0
13344.0,3,2543.72,0
13345.0,2,377.6,0
13347.0,1,341.36,0
13348.0,1,233.76,0
13349.0,1,247.32,0
13350.0,3,910.72,0
13351.0,1,373.94,0
13352.0,2,389.28,0
13354.0,1,743.53,0
13355.0,1,674.7,0
13356.0,1,768.24,0
13357.0,1,609.95,0
13358.0,1,439.03,0
13359.0,2,431.26,0
13362.0,5,3085.4900000000002,0
13363.0,2,992.5,0
13364.0,2,0.0,0
13365.0,3,2191.22,0
13366.0,1,56.160000000000004,0
13368.0,2,623.4,0
13369.0,2,263.75,0
13370.0,2,721.32,0
13372.0,1,378.64,0
13373.0,3,3312.25,0
13375.0,2,772.9,0
13376.0,3,1019.76,0
13379.0,3,572.56,0
13381.0,7,3626.81,0
13382.0,1,222.99,0
13384.0,9,4122.28,0
13385.0,1,534.57,0
13388.0,3,627.15,0
13389.0,3,797.96,0
13390.0,1,544.08,0
13391.0,1,59.8,0
13394.0,10,2312.8,0
13395.0,1,307.72,0
13396.0,4,1325.29,0
13397.0,6,1539.18,0
13398.0,1,457.34,0
13402.0,2,621.23,0
13403.0,1,75.0,0
13404.0,2,252.49,0
13405.0,3,572.451,0
13408.0,81,27487.41,2
13410.0,7,988.91,0
13411.0,1,213.55,0
13414.0,3,1390.5,0
13416.0,2,712.5,0
13417.0,2,640.83,0
13418.0,23,5845.44,2
13419.0,1,221.06,0
13420.0,4,140.35,0
13421.0,3,1848.98,0
13422.0,2,2601.55,0
13425.0,3,1624.21,0
13426.0,12,3550.7000000000003,0
13427.0,3,582.6,0
13428.0,1,218.47,0
13429.0,4,1006.8,0
13430.0,4,648.6899999999999,0
13431.0,2,1269.1,0
13434.0,2,534.24,0
13435.0,9,3794.4900000000002,0
13436.0,1,196.89,0
13437.0,7,3408.06,0
13439.0,1,283.71,0
13441.0,1,296.64,0
13447.0,4,1104.23,0
13448.0,10,3465.67,0
13449.0,1,291.88,0
13450.0,6,2043.7199999999998,0
13451.0,6,2916.45,0
13452.0,2,590.0,0
13453.0,2,356.97999999999996,0
13455.0,4,1007.35,0
13456.0,7,1737.8200000000002,0
13458.0,22,9537.92,2
13460.0,2,183.44,0
13461.0,3,1445.0,0
13462.0,2,143.25,0
13464.0,1,674.68,0
13466.0,2,297.95,0
13467.0,2,1083.71,0
13468.0,41,5656.75,2
13470.0,2,165.0,0
13471.0,4,2531.58,0
13473.0,3,417.54,0
13474.0,1,229.59,0
13475.0,4,1431.78,0
13476.0,4,1092.77,0
13477.0,8,1441.53,0
13479.0,3,291.0,0
13481.0,8,1776.81,0
13482.0,1,184.64,0
13483.0,1,140.34,0
13484.0,1,313.8,0
13485.0,1,454.24,0
13486.0,3,1122.41,0
13487.0,3,575.4,0
13488.0,17,8910.61,2
13489.0,4,449.52,0
13491.0,10,1215.82,0
13492.0,3,1269.84,0
13493.0,2,618.63,0
13494.0,1,316.26000000000005,0
13495.0,6,1990.1200000000001,0
13496.0,3,617.93,0
13497.0,3,321.05,0
13499.0,7,1146.96,0
13500.0,4,1136.77,0
13501.0,2,1310.47,0
13502.0,3,292.0,0
13503.0,1,216.85,0
13504.0,1,295.93,0
13505.0,8,4282.88,0
13506.0,3,452.82,0
13507.0,4,2479.16,0
13508.0,1,110.97,0
13509.0,7,979.72,0
13510.0,5,1785.16,0
13512.0,1,251.21,0
13513.0,1,205.1,0
13514.0,1,152.20000000000002,0
13515.0,4,891.12,0
13516.0,3,1389.41,0
13517.0,5,2109.07,0
13518.0,1,659.4399999999999,0
13519.0,2,110.80000000000001,0
13520.0,8,3487.75,0
13521.0,3,1093.65,0
13522.0,1,125.80000000000001,0
13523.0,6,3755.38,0
13524.0,5,680.1800000000001,0
13525.0,2,628.78,0
13527.0,8,2263.76,0
13529.0,2,307.76,0
13531.0,2,483.8,0
13532.0,1,210.31,0
13533.0,3,270.79,0
13534.0,43,5613.08,2
13536.0,7,3448.29,0
13538.0,7,1280.85,0
13539.0,4,605.84,0
13544.0,2,291.41,0
13546.0,3,626.99,0
13548.0,2,682.41,0
13549.0,8,916.12,0
13551.0,1,91.80000000000001,0
13552.0,16,3539.53,0
13555.0,4,4149.28,0
13557.0,2,584.06,0
13558.0,4,605.06,0
13560.0,1,174.37,0
13561.0,1,141.85999999999999,0
13562.0,3,1799.33,0
13563.0,2,777.53,0
13564.0,5,647.74,0
13565.0,2,240.22,0
13566.0,2,874.71,0
13568.0,1,192.85,0
13569.0,2,373.75,0
13570.0,1,239.49,0
13571.0,12,2092.32,0
13572.0,1,1384.25,0
13573.0,2,294.4,0
13575.0,5,732.0699999999999,0
13576.0,20,6703.3,2
13577.0,5,1658.3,0
13579.0,2,467.04,0
13581.0,1,118.0,0
13583.0,1,781.03,0
13584.0,1,142.4,0
13587.0,3,347.0,0
13588.0,13,2445.12,0
13589.0,2,379.65,0
13590.0,7,1976.12,0
13591.0,3,1117.13,0
13592.0,4,247.95999999999998,0
13593.0,6,1990.28,0
13594.0,1,396.97,0
13596.0,2,697.04,0
13598.0,2,167.42000000000002,0
13599.0,33,5030.6,2
13600.0,1,219.52,0
13601.0,2,693.32,0
13602.0,1,428.89,0
13603.0,1,164.34,0
13606.0,3,280.53999999999996,0
13607.0,1,678.01,0
13610.0,9,1115.43,0
13611.0,4,1158.2,0
13614.0,4,1610.46,0
13615.0,2,399.99,0
13617.0,3,544.18,0
13618.0,1,177.34,0
13621.0,1,213.85,0
13623.0,7,672.44,0
13626.0,1,257.23,0
13627.0,7,1624.02,0
13629.0,11,7792.36,0
13630.0,11,1995.68,0
13631.0,12,3021.77,0
13632.0,6,2117.02,0
13634.0,5,1575.16,0
13635.0,1,1071.03,0
13636.0,6,941.62,0
13637.0,3,810.5,0
13638.0,1,122.64,0
13639.0,1,1033.34,0
13642.0,1,354.8,0
13643.0,3,519.44,0
13644.0,5,2597.52,0
13645.0,1,252.1,0
13647.0,5,1670.22,0
13649.0,2,346.6,0
13650.0,7,1809.34,0
13651.0,2,94.2,0
13652.0,3,1095.08,0
13654.0,6,2707.33,0
13655.0,2,932.97,0
13656.0,2,379.65,0
13657.0,2,382.14,0
13658.0,7,2421.47,0
13659.0,3,1550.85,0
13662.0,7,879.08,0
13663.0,1,189.47,0
13666.0,3,84.65,0
13667.0,1,305.02,0
13668.0,29,6216.07,2
13669.0,2,218.55,0
13670.0,1,349.7,0
13672.0,6,-71.46,0
13673.0,2,396.92,0
13675.0,2,486.82000000000005,0
13678.0,1,232.6,0
13680.0,5,2202.31,0
13681.0,4,827.83,0
13682.0,1,59.5,0
13684.0,2,64.23,0
13685.0,7,3119.44,0
13686.0,1,72.0,0
13689.0,1,910.0,0
13690.0,1,172.25,0
13692.0,5,1466.8700000000001,0
13693.0,2,-32.0,0
13694.0,60,62653.1,2
13695.0,15,2504.13,0
13697.0,1,151.29999999999998,0
13699.0,1,308.58000000000004,0
13700.0,10,2265.12,0
13703.0,1,99.5,0
13704.0,10,2295.31,0
13705.0,3,711.86,0
13706.0,1,330.79,0
13707.0,2,806.41,0
13708.0,1,296.88,0
13709.0,17,6249.110000000001,2
13710.0,1,180.48,0
13711.0,2,252.06,0
13712.0,1,228.84,0
13715.0,8,1053.94,0
13716.0,1,138.28,0
13717.0,7,1432.26,0
13718.0,2,306.55,0
13719.0,5,1041.68,0
13720.0,4,799.9,0
13721.0,1,524.14,0
13722.0,4,2369.16,0
13723.0,1,199.85000000000002,0
13725.0,11,1809.81,0
13726.0,2,1079.6599999999999,0
13727.0,2,333.48,0
13728.0,6,1016.14,0
13730.0,2,752.6,0
13731.0,2,610.59,0
13732.0,1,491.86,0
13735.0,8,2766.18,0
13736.0,3,724.0,0
13737.0,1,339.59999999999997,0
13739.0,1,216.9,0
13740.0,1,350.75,0
13741.0,4,666.33,0
13742.0,14,3102.42,0
13743.0,8,1340.1499999999999,0
13744.0,2,1156.36,0
13745.0,2,291.54,0
13747.0,1,79.6,0
13748.0,5,948.25,0
13750.0,5,1647.26,0
13751.0,1,296.25,0
13752.0,6,1186.28,0
13753.0,1,741.26,0
13754.0,2,282.59999999999997,0
13755.0,10,2154.68,0
13756.0,15,5145.12,0
13758.0,7,3190.55,0
13759.0,2,659.4100000000001,0
13760.0,2,286.79,0
13761.0,2,1070.65,0
13762.0,2,3.552713678800501e-15,0
13763.0,3,1689.46,0
13764.0,3,1521.76,0
13767.0,52,16945.71,2
13769.0,16,2771.87,0
13771.0,5,2631.7,0
13772.0,3,1132.13,0
13774.0,1,345.0,0
13777.0,41,25748.350000000002,2
13778.0,1,178.7,0
13780.0,2,360.01,0
13781.0,1,127.84,0
13782.0,6,912.0,0
13784.0,11,2462.79,0
13786.0,1,230.39999999999998,0
13787.0,2,309.04,0
13790.0,1,348.8,0
13791.0,3,1047.68,0
13792.0,2,195.55,0
13798.0,63,36351.42,2
13799.0,2,688.86,0
13800.0,1,558.32,0
13801.0,1,324.8,0
13802.0,6,3906.27,0
13803.0,1,277.07,0
13804.0,7,2635.79,0
13805.0,2,924.6,0
13806.0,1,256.38,0
13807.0,1,112.6,0
13808.0,5,1747.66,0
13809.0,1,155.05,0
13810.0,4,899.51,0
13811.0,4,591.75,0
13812.0,3,539.0,0
13813.0,5,1353.41,0
13814.0,3,1562.12,0
13815.0,5,4014.91,0
13816.0,4,555.04,0
13817.0,2,382.98,0
13819.0,3,1140.35,0
13821.0,2,385.64,0
13822.0,2,632.0,0
13823.0,2,957.66,0
13824.0,5,1698.94,0
13826.0,2,174.65,0
13827.0,3,412.05,0
13828.0,1,209.49,0
13829.0,1,-102.0,0
13831.0,6,2202.99,0
13832.0,2,40.949999999999996,0
13833.0,1,384.8,0
13835.0,4,834.57,0
13837.0,2,271.24,0
13838.0,4,691.73,0
13841.0,1,85.0,0
13842.0,9,3385.62,0
13844.0,1,361.62,0
13845.0,1,312.98,0
13846.0,4,847.61,0
13848.0,3,1255.0,0
13849.0,2,1537.95,0
13850.0,2,1586.81,0
13851.0,3,2651.46,0
13853.0,2,1056.94,0
13854.0,29,8025.0199999999995,2
13856.0,5,363.4,0
13858.0,1,216.17,0
13859.0,1,201.16,0
13860.0,6,1240.0,0
13862.0,10,2187.31,0
13863.0,2,299.56,0
13865.0,4,501.56,0
13866.0,1,145.67000000000002,0
13867.0,3,1015.29,0
13868.0,2,3192.54,0
13869.0,4,3104.95,0
13870.0,10,2751.25,0
13871.0,14,6389.8,0
13873.0,4,381.7,0
13874.0,1,540.45,0
13875.0,5,1786.79,0
13876.0,1,122.7,0
13877.0,1,117.24,0
13878.0,1,1281.53,0
13880.0,13,3219.77,0
13881.0,22,16989.52,2
13882.0,6,1131.28,0
13883.0,9,2538.75,0
13884.0,6,781.3000000000001,0
13885.0,2,506.8,0
13886.0,1,243.56,0
13887.0,1,349.55,0
13888.0,2,605.63,0
13889.0,1,416.90000000000003,0
13890.0,14,1860.8600000000001,0
13892.0,4,632.97,0
13893.0,1,821.1,0
13894.0,5,535.97,0
13895.0,5,2588.12,0
13897.0,1,311.16,0
13898.0,1,155.93,0
13899.0,2,388.52,0
13900.0,3,740.95,0
13901.0,5,2867.2,0
13904.0,2,332.64,0
13908.0,5,2347.05,0
13911.0,9,2580.91,0
13914.0,3,613.95,0
13917.0,2,272.04,0
13918.0,2,1212.8400000000001,0
13919.0,3,350.15999999999997,0
13922.0,1,172.25,0
13923.0,1,351.13,0
13924.0,11,1682.08,0
13925.0,6,616.65,0
13926.0,1,223.85000000000002,0
13927.0,1,348.99,0
13928.0,4,464.57,0
13929.0,3,802.85,0
13930.0,2,337.34,0
13931.0,3,1230.93,0
13932.0,1,307.4,0
13933.0,2,608.7900000000001,0
13934.0,1,922.1,0
13936.0,2,361.28,0
13937.0,1,158.85,0
13938.0,1,71.66,0
13939.0,4,556.75,0
13940.0,4,839.14,0
13941.0,7,4912.41,0
13946.0,3,561.5699999999999,0
13947.0,1,90.6,0
13948.0,1,102.0,0
13949.0,6,2427.32,0
13950.0,5,728.56,0
13951.0,3,674.45,0
13952.0,3,3246.091,0
13953.0,7,3515.68,0
13954.0,3,378.59,0
13955.0,2,322.96,0
13956.0,5,1026.42,0
13958.0,1,-102.45,0
13959.0,3,598.2,0
13960.0,2,230.22,0
13962.0,2,169.55,0
13963.0,4,664.54,0
13967.0,1,80.7,0
13969.0,20,8986.69,2
13971.0,11,2702.2200000000003,0
13972.0,2,190.25,0
13973.0,1,264.7,0
13974.0,1,413.59000000000003,0
13975.0,7,2503.23,0
13976.0,1,357.98,0
13978.0,2,196.79000000000002,0
13979.0,1,869.87,0
13980.0,1,200.14,0
13982.0,5,1861.11,0
13983.0,13,2590.46,0
13984.0,6,488.03,0
13985.0,16,7024.53,2
13986.0,1,320.46,0
13988.0,9,4098.8,0
13989.0,2,1266.08,0
13990.0,1,311.3,0
13991.0,7,850.63,0
13992.0,1,76.8,0
13993.0,12,3409.66,0
13994.0,6,2313.14,0
13995.0,6,1383.49,0
13999.0,15,3865.26,0
14000.0,2,633.71,0
14001.0,4,2030.3300000000002,0
14002.0,2,529.73,0
14004.0,7,4582.64,0
14005.0,5,2874.72,0
14006.0,3,962.19,0
14009.0,3,685.9300000000001,0
14012.0,1,328.8,0
14013.0,3,473.02,0
14014.0,1,505.18,0
14015.0,1,917.34,0
14016.0,5,4328.46,0
14019.0,4,1398.96,0
14020.0,2,642.8,0
14021.0,3,631.9,0
14022.0,1,440.0,0
14023.0,2,584.07,0
14024.0,2,327.7,0
14027.0,1,104.82,0
14029.0,2,467.66,0
14030.0,8,2360.09,0
14031.0,23,14634.640000000001,2
14032.0,18,2929.84,2
14034.0,4,512.02,0
14035.0,5,1428.02,0
14036.0,1,626.65,0
14037.0,2,147.20000000000002,0
14038.0,4,1554.48,0
14039.0,1,152.2,0
14040.0,15,3542.19,0
14041.0,1,141.41,0
14044.0,4,652.82,0
14045.0,4,1659.75,0
14046.0,1,154.99,0
14047.0,7,1290.01,0
14048.0,2,375.13,0
14049.0,6,5639.15,0
14050.0,2,746.36,0
14051.0,26,15477.34,2
14052.0,1,225.36,0
14053.0,2,260.25,0
14054.0,1,92.46,0
14055.0,1,725.6400000000001,0
14056.0,29,8124.4,2
14057.0,18,6147.4,2
14059.0,1,183.6,0
14060.0,20,6135.38,2
14062.0,12,10464.85,0
14064.0,7,1188.32,0
14066.0,1,152.55,0
14067.0,2,374.7,0
14068.0,1,265.85,0
14071.0,9,1307.41,0
14073.0,2,139.54,0
14075.0,3,942.26,0
14076.0,1,122.47,0
14077.0,5,499.41999999999996,0
14078.0,6,1049.37,0
14079.0,1,375.1,0
14080.0,1,45.599999999999994,0
14081.0,4,904.67,0
14082.0,1,182.25,0
14083.0,9,1018.43,0
14085.0,19,4435.79,2
14087.0,2,181.67,0
14088.0,14,50415.49,2
14089.0,1,161.0,0
14090.0,1,76.32000000000001,0
14092.0,17,4063.1,2
14093.0,1,442.85,0
14096.0,34,57120.909999999996,2
14098.0,1,147.35,0
14099.0,12,3092.9700000000003,0
14100.0,1,194.9,0
14101.0,6,5976.79,0
14102.0,8,1314.73,0
14104.0,2,216.20999999999998,0
14105.0,2,1260.33,0
14107.0,8,2688.48,0
14108.0,3,594.16,0
14109.0,2,80.2,0
14110.0,13,5669.65,0
14111.0,5,688.6,0
14112.0,12,2774.17,0
14113.0,8,1377.92,0
14114.0,2,386.53,0
14116.0,5,1382.74,0
14117.0,1,90.0,0
14119.0,1,-19.9,0
14121.0,6,2740.3,0
14124.0,1,419.58000000000004,0
14125.0,3,2740.43,0
14126.0,4,643.6300000000001,0
14127.0,3,709.71,0
14128.0,2,637.5,0
14129.0,5,1123.8600000000001,0
14130.0,1,483.86,0
14132.0,12,3580.13,0
14133.0,5,590.3399999999999,0
14135.0,15,4690.31,0
14138.0,2,982.3800000000001,0
14139.0,1,415.82,0
14140.0,3,920.05,0
14141.0,6,879.0300000000001,0
14142.0,1,311.81,0
14143.0,1,115.8,0
14145.0,5,3148.2,0
14146.0,6,2949.57,0
14147.0,3,468.4,0
14148.0,1,157.2,0
14149.0,3,259.43,0
14150.0,2,658.64,0
14152.0,3,611.09,0
14154.0,2,1345.62,0
14155.0,1,118.75,0
14156.0,66,113384.14,1
14157.0,3,400.43,0
14158.0,1,507.66,0
14159.0,14,4678.3,0
14161.0,3,1110.52,0
14162.0,2,289.36,0
14163.0,4,2445.91,0
14164.0,2,1631.77,0
14165.0,1,122.53999999999999,0
14167.0,4,574.84,0
14171.0,1,363.79,0
14173.0,4,450.84,0
14174.0,1,134.46,0
14175.0,7,3108.06,0
14176.0,5,574.0,0
14177.0,5,554.46,0
14178.0,7,1620.93,0
14179.0,2,719.78,0
14180.0,31,4640.77,2
14184.0,1,452.89,0
14185.0,1,197.65,0
14188.0,10,2018.91,0
14189.0,24,4604.31,2
14191.0,14,4660.01,0
14193.0,2,853.39,0
14194.0,32,11216.75,2
14195.0,3,962.7,0
14196.0,1,335.52,0
14198.0,7,663.5,0
14199.0,1,185.39999999999998,0
14201.0,9,688.04,0
14204.0,1,161.03,0
14205.0,4,218.78,0
14206.0,2,308.26,0
14208.0,1,151.74,0
14209.0,7,2067.13,0
14210.0,7,1900.89,0
14211.0,13,2208.3,0
14212.0,1,1070.48,0
14213.0,1,-1192.2,0
14214.0,7,1000.23,0
14215.0,7,1777.92,0
14216.0,4,1839.3,0
14217.0,24,1925.3600000000001,2
14218.0,1,169.48000000000002,0
14219.0,1,89.94,0
14220.0,2,632.4,0
14221.0,10,3427.85,0
14222.0,1,683.17,0
14223.0,4,975.23,0
14224.0,4,1050.12,0
14226.0,7,2201.64,0
14227.0,15,3315.71,0
14229.0,5,1450.6,0
14231.0,5,822.0600000000001,0
14232.0,8,2043.93,0
14233.0,5,1447.51,0
14234.0,4,775.46,0
14235.0,6,3093.86,0
14236.0,2,490.86,0
14237.0,1,161.0,0
14238.0,1,146.85,0
14239.0,13,2323.5,0
14240.0,2,890.34,0
14241.0,1,213.70000000000002,0
14242.0,2,280.55,0
14243.0,14,2535.88,0
14245.0,5,1677.48,0
14246.0,3,1474.06,0
14247.0,1,136.76999999999998,0
14248.0,1,302.58,0
14250.0,3,1904.05,0
14251.0,5,2879.7000000000003,0
14256.0,3,935.0600000000001,0
14257.0,6,3087.27,0
14258.0,10,12650.08,0
14259.0,1,120.0,0
14261.0,2,1163.45,0
14262.0,8,2618.23,0
14264.0,3,319.47,0
14265.0,2,530.18,0
14267.0,7,1279.09,0
14270.0,1,492.65000000000003,0
14271.0,1,112.32,0
14272.0,2,437.96,0
14273.0,4,559.97,0
14276.0,5,1019.39,0
14277.0,4,3957.0,0
14280.0,1,134.04,0
14282.0,15,3729.34,0
14284.0,3,578.45,0
14285.0,4,1910.01,0
14286.0,5,4595.81,0
14287.0,4,151.23000000000002,0
14288.0,2,413.85,0
14289.0,6,911.26,0
14290.0,6,2307.4500000000003,0
14291.0,12,3873.3,0
14292.0,14,4819.33,0
14293.0,4,1046.56,0
14295.0,2,154.70000000000002,0
14297.0,6,1284.06,0
14298.0,45,50862.44,2
14299.0,18,2855.35,2
14300.0,1,43.2,0
14301.0,2,632.04,0
14304.0,2,197.1,0
14305.0,5,1803.76,0
14306.0,3,2083.42,0
14307.0,6,2995.72,0
14309.0,10,2319.68,0
14311.0,2,229.71,0
14312.0,6,1611.59,0
14314.0,1,120.0,0
14315.0,7,2456.98,0
14317.0,1,508.58000000000004,0
14320.0,3,343.11,0
14321.0,5,1530.75,0
14323.0,4,574.26,0
14326.0,2,166.85,0
14327.0,1,311.65,0
14329.0,14,4928.74,0
14331.0,2,462.65999999999997,0
14332.0,3,866.31,0
14333.0,2,351.45,0
14334.0,9,2539.46,0
14335.0,2,468.26,0
14336.0,4,1614.91,0
14338.0,4,554.22,0
14339.0,4,289.90999999999997,0
14340.0,1,134.7,0
14341.0,9,2166.38,0
14342.0,6,607.71,0
14344.0,8,889.9300000000001,0
14345.0,1,108.97999999999999,0
14346.0,2,1021.58,0
14348.0,1,409.57,0
14349.0,1,133.5,0
14350.0,2,258.7,0
14351.0,1,51.0,0
14352.0,4,1078.96,0
14353.0,1,90.6,0
14354.0,2,163.62,0
14355.0,1,174.4,0
14356.0,4,666.9399999999999,0
14357.0,1,225.77,0
14359.0,6,882.58,0
14360.0,4,2128.23,0
14362.0,1,161.2,0
14364.0,8,3717.35,0
14367.0,19,9167.82,2
14368.0,1,155.0,0
14371.0,1,100.5,0
14373.0,1,76.55,0
14375.0,1,257.68,0
14377.0,2,617.05,0
14379.0,2,348.1,0
14381.0,1,202.68,0
14382.0,1,626.0699999999999,0
14383.0,3,1247.69,0
14385.0,3,202.11,0
14386.0,1,142.4,0
14387.0,3,1770.56,0
14388.0,10,3172.04,0
14389.0,5,999.72,0
14390.0,13,4592.47,0
14393.0,1,67.95,0
14395.0,12,3471.91,0
14396.0,2,487.99,0
14397.0,23,2556.68,2
14400.0,2,559.7,0
14401.0,14,4039.98,0
14403.0,5,1426.31,0
14404.0,7,1434.72,0
14406.0,1,156.75,0
14407.0,9,2111.08,0
14408.0,7,2606.53,0
14409.0,7,1908.25,0
14410.0,15,576.3,0
14411.0,1,1063.0,0
14412.0,3,761.3299999999999,0
14413.0,1,122.7,0
14414.0,8,1485.1299999999999,0
14415.0,18,5811.56,2
14416.0,2,490.22,0
14418.0,3,1937.25,0
14419.0,6,1058.06,0
14420.0,2,385.87,0
14421.0,2,813.11,0
14422.0,6,4263.64,0
14423.0,1,265.2,0
14424.0,1,322.08,0
14426.0,16,3918.9,0
14427.0,2,363.34000000000003,0
14428.0,7,1230.14,0
14431.0,2,397.76,0
14432.0,6,2255.51,0
14434.0,6,1372.8,0
14436.0,1,89.06,0
14437.0,2,-43.400000000000006,0
14438.0,1,131.9,0
14439.0,1,2661.24,0
14440.0,5,2357.6800000000003,0
14441.0,10,1545.14,0
14442.0,5,1544.62,0
14443.0,7,1400.88,0
14446.0,4,1039.58,0
14447.0,5,1163.23,0
14448.0,2,375.35,0
14449.0,4,907.1,0
14450.0,3,483.25,0
14451.0,2,662.59,0
14452.0,2,264.44,0
14453.0,1,119.93,0
14456.0,14,3047.63,0
14457.0,1,113.64,0
14459.0,1,1837.92,0
14460.0,4,383.34,0
14461.0,3,2103.06,0
14462.0,15,1965.9,0
14463.0,3,529.62,0
14465.0,3,1058.6200000000001,0
14466.0,7,2272.4,0
14467.0,4,598.76,0
14470.0,2,461.19,0
14472.0,8,1936.84,0
14473.0,2,234.34000000000003,0
14474.0,2,537.71,0
14475.0,6,799.82,0
14476.0,1,215.7,0
14477.0,5,1307.81,0
14479.0,2,316.25,0
14480.0,1,279.05,0
14481.0,2,636.51,0
14482.0,6,2068.15,0
14483.0,2,129.2,0
14484.0,1,321.92,0
14485.0,1,165.75,0
14487.0,7,1183.58,0
14488.0,2,1047.43,0
14489.0,1,463.38,0
14491.0,2,340.93,0
14493.0,7,2362.84,0
14494.0,1,139.56,0
14495.0,2,123.8,0
14496.0,2,538.8100000000001,0
14497.0,2,457.47,0
14498.0,5,1957.32,0
14499.0,3,815.32,0
14500.0,3,356.85,0
14501.0,3,190.31,0
14502.0,14,2351.02,0
14503.0,6,3543.26,0
14504.0,4,673.26,0
14505.0,11,5818.7,0
14506.0,5,2012.17,0
14507.0,7,1368.18,0
14508.0,2,276.42,0
14511.0,6,1267.4099999999999,0
14512.0,2,275.28,0
14513.0,4,438.49,0
14514.0,3,1055.35,0
14515.0,6,2102.09,0
14517.0,2,330.45,0
14518.0,1,174.37,0
14520.0,2,270.6,0
14522.0,4,974.54,0
14523.0,1,241.09,0
14524.0,9,1867.68,0
14525.0,13,4221.37,0
14527.0,86,7711.38,2
14528.0,1,364.21999999999997,0
14529.0,3,620.04,0
14530.0,6,2925.91,0
14532.0,4,932.85,0
14533.0,9,1812.6200000000001,0
14534.0,25,4075.35,2
14535.0,4,2841.09,0
14536.0,1,171.8,0
14537.0,1,355.56,0
14538.0,2,388.25,0
14539.0,2,537.48,0
14540.0,3,996.26,0
14541.0,8,1461.65,0
14542.0,1,103.25,0
14543.0,21,2916.17,2
14544.0,2,2024.45,0
14546.0,9,2487.02,0
14547.0,9,3986.7400000000002,0
14548.0,2,652.8,0
14549.0,1,289.24,0
14550.0,2,765.62,0
14551.0,2,186.23,0
14552.0,1,165.07,0
14553.0,5,859.27,0
14554.0,4,2381.04,0
14555.0,2,324.14,0
14557.0,2,0.0,0
14560.0,24,2174.18,2
14561.0,3,1080.76,0
14562.0,22,4709.22,2
14565.0,6,3073.77,0
14566.0,1,1432.0,0
14567.0,3,1524.46,0
14569.0,1,227.39,0
14570.0,2,218.06,0
14572.0,10,2803.69,0
14573.0,13,1603.72,0
14576.0,1,35.400000000000006,0
14577.0,4,859.71,0
14578.0,1,168.63,0
14581.0,1,138.6,0
14582.0,1,114.11,0
14583.0,5,1052.55,0
14584.0,5,1029.26,0
14585.0,1,157.05,0
14586.0,3,134.16,0
14587.0,10,1598.24,0
14589.0,1,39.75,0
14591.0,4,1447.14,0
14592.0,3,570.46,0
14593.0,3,617.99,0
14594.0,2,379.83,0
14595.0,6,1740.6,0
14597.0,2,883.15,0
14598.0,1,221.97,0
14600.0,1,393.33000000000004,0
14601.0,1,213.96,0
14603.0,1,660.0,0
14606.0,128,11713.85,2
14607.0,17,11341.1,2
14608.0,4,1785.15,0
14609.0,4,601.56,0
14616.0,3,406.08000000000004,0
14618.0,4,538.59,0
14619.0,2,379.51,0
14620.0,3,393.28000000000003,0
14621.0,6,1765.76,0
14622.0,1,320.58000000000004,0
14623.0,6,869.35,0
14624.0,2,225.85,0
14625.0,5,848.48,0
14626.0,7,2757.07,0
14627.0,1,-21.85,0
14628.0,2,671.96,0
14629.0,3,939.21,0
14631.0,3,1006.98,0
14632.0,1,114.56,0
14633.0,1,344.90000000000003,0
14636.0,2,609.85,0
14638.0,1,443.6,0
14639.0,8,2952.34,0
14640.0,8,2042.15,0
14641.0,1,110.46,0
14642.0,1,96.12,0
14643.0,3,668.61,0
14644.0,4,780.46,0
14645.0,2,597.09,0
14646.0,77,279489.02,1
14647.0,1,243.22,0
14649.0,4,1417.29,0
14651.0,2,654.6,0
14652.0,1,114.18,0
14653.0,7,1947.55,0
14655.0,5,1930.15,0
14656.0,2,291.05,0
14657.0,5,838.27,0
14658.0,2,247.15,0
14659.0,12,2456.53,0
14660.0,2,285.74,0
14661.0,1,107.95,0
14662.0,4,771.17,0
14664.0,2,637.89,0
14665.0,7,1258.38,0
14666.0,1,195.25,0
14667.0,27,9231.2,2
14669.0,3,1269.99,0
14670.0,2,411.53,0
14672.0,2,765.55,0
14673.0,5,1736.4,0
14675.0,1,604.75,0
14676.0,8,2543.2400000000002,0
14679.0,1,-2.55,0
14680.0,23,26932.34,2
14681.0,3,498.95,0
14682.0,2,52.0,0
14684.0,5,1236.28,0
14687.0,1,628.38,0
14688.0,27,5107.38,2
14689.0,1,112.8,0
14690.0,3,358.61,0
14691.0,5,2114.33,0
14692.0,5,582.05,0
14693.0,1,172.9,0
14696.0,9,2070.97,0
14697.0,2,188.60999999999999,0
14698.0,5,1250.76,0
14699.0,1,109.13000000000001,0
14700.0,3,2235.3,0
14701.0,12,2486.2200000000003,0
14702.0,18,3250.64,2
14703.0,1,318.17,0
14704.0,9,1546.91,0
14705.0,1,179.0,0
14708.0,4,1096.67,0
14709.0,14,4911.14,0
14710.0,4,606.13,0
14711.0,12,2838.2,0
14712.0,3,917.07,0
14713.0,12,2664.2599999999998,0
14714.0,1,160.19,0
14715.0,4,867.38,0
14716.0,2,329.68,0
14719.0,6,1592.18,0
14720.0,3,663.81,0
14722.0,1,187.92000000000002,0
14723.0,6,1158.3,0
14725.0,1,718.08,0
14727.0,1,268.58,0
14729.0,1,313.49,0
14730.0,8,2005.06,0
14731.0,3,380.02,0
14732.0,10,2686.34,0
14733.0,15,9451.54,2
14735.0,34,5807.6900000000005,2
14737.0,3,1164.55,0
14738.0,9,1289.94,0
14739.0,8,3899.1,0
14740.0,4,1423.21,0
14741.0,6,1400.34,0
14744.0,9,1088.53,0
14745.0,6,1167.16,0
14747.0,2,294.3,0
14748.0,6,1311.79,0
14752.0,1,389.64,0
14753.0,1,563.15,0
14754.0,2,638.05,0
14755.0,12,4965.38,0
14756.0,1,738.96,0
14757.0,1,420.5,0
14758.0,4,1484.06,0
14759.0,3,1625.97,0
14760.0,2,53.8,0
14761.0,2,255.9,0
14762.0,1,300.52,0
14764.0,2,250.55,0
14765.0,3,254.11,0
14766.0,8,2423.07,0
14768.0,3,139.5,0
14769.0,10,10641.6,0
14770.0,2,876.42,0
14772.0,1,139.26,0
14775.0,3,1011.9,0
14776.0,13,2195.58,0
14777.0,2,-17.45,0
14778.0,2,730.86,0
14779.0,3,386.15,0
14780.0,2,447.68,0
14782.0,1,200.10000000000002,0
14784.0,2,289.99,0
14785.0,2,77.4,0
14788.0,2,679.4399999999999,0
14789.0,1,197.64,0
14790.0,4,745.06,0
14792.0,2,0.0,0
14793.0,2,214.14,0
14794.0,9,1272.11,0
14795.0,1,131.45000000000002,0
14796.0,27,7839.51,2
14798.0,3,173.74,0
14799.0,1,157.7,0
14800.0,16,4236.34,0
14801.0,1,193.14,0
14803.0,3,845.55,0
14804.0,1,353.27,0
14805.0,4,554.65,0
14806.0,1,193.39000000000001,0
14808.0,15,2175.37,0
14810.0,11,2087.88,0
14813.0,2,155.43,0
14815.0,2,778.5,0
14816.0,1,271.85,0
14817.0,2,1110.34,0
14818.0,3,657.8,0
14819.0,2,272.07,0
14820.0,4,507.29,0
14821.0,1,48.800000000000004,0
14823.0,3,321.43,0
14824.0,4,1127.71,0
14825.0,12,2226.91,0
14828.0,3,2139.76,0
14829.0,6,644.65,0
14830.0,1,197.13,0
14834.0,8,1698.35,0
14836.0,3,102.44999999999999,0
14837.0,5,1641.2,0
14840.0,1,62.85,0
14841.0,6,3295.76,0
14842.0,8,2456.8,0
14844.0,4,3189.81,0
14847.0,1,309.4,0
14849.0,28,7904.28,2
14850.0,2,278.15,0
14851.0,2,511.35,0
14852.0,6,2836.69,0
14853.0,3,463.05,0
14854.0,8,2749.89,0
14855.0,2,645.65,0
14856.0,3,1311.3799999999999,0
14857.0,3,1165.65,0
14859.0,5,1352.04,0
14860.0,2,168.62,0
14861.0,1,125.79,0
14862.0,2,841.1999999999999,0
14863.0,1,266.76,0
14865.0,2,52.2,0
14866.0,13,14197.45,2
14867.0,4,701.33,0
14868.0,9,2939.64,0
14869.0,3,721.95,0
14870.0,1,327.25,0
14871.0,4,522.38,0
14873.0,1,519.68,0
14875.0,5,1448.72,0
14878.0,9,1485.54,0
14880.0,3,706.19,0
14881.0,1,255.4,0
14882.0,2,589.7,0
14883.0,7,756.64,0
14885.0,1,765.3199999999999,0
14886.0,1,364.8,0
14887.0,1,1862.0,0
14888.0,1,369.2,0
14889.0,1,135.9,0
14890.0,1,125.65,0
14891.0,2,554.38,0
14893.0,2,1237.8500000000001,0
14894.0,1,655.75,0
14895.0,24,11020.26,2
14896.0,2,468.77000000000004,0
14897.0,4,1366.38,0
14898.0,8,1228.32,0
14901.0,10,1414.99,0
14902.0,2,314.11,0
14903.0,10,2744.48,0
14904.0,2,1025.44,0
14905.0,3,599.9,0
14907.0,10,3478.85,0
14908.0,1,277.8,0
14910.0,7,389.86,0
14911.0,248,132572.62,1
14912.0,3,841.52,0
14913.0,4,1227.43,0
14915.0,3,258.83,0
14916.0,5,1264.84,0
14918.0,2,1610.15,0
14920.0,2,977.77,0
14921.0,2,1316.07,0
14923.0,1,749.1,0
14924.0,1,310.05,0
14929.0,1,223.88,0
14930.0,3,2372.86,0
14931.0,6,964.6800000000001,0
14932.0,1,363.53,0
14934.0,3,1888.84,0
14935.0,1,1784.71,0
14936.0,9,8117.42,0
14937.0,4,1617.63,0
14944.0,14,5842.95,0
14946.0,1,100.9,0
14947.0,2,290.82,0
14948.0,7,1066.57,0
14950.0,2,361.25,0
14951.0,1,311.69,0
14952.0,15,7912.79,2
14953.0,1,289.82,0
14954.0,1,336.17,0
14957.0,1,58.49,0
14958.0,3,499.68,0
14959.0,5,684.97,0
14960.0,2,221.27,0
14961.0,12,7006.58,0
14962.0,1,126.7,0
14963.0,5,1487.8,0
14964.0,1,206.21,0
14965.0,2,599.0,0
14966.0,1,191.32,0
14967.0,1,463.8,0
14968.0,1,147.59,0
14970.0,4,1592.06,0
14971.0,3,1116.57,0
14972.0,1,114.77,0
14973.0,3,1314.45,0
14974.0,1,114.39,0
14975.0,1,279.94,0
14976.0,8,765.86,0
14978.0,5,1931.42,0
14981.0,1,102.12,0
14984.0,2,213.27,0
14985.0,2,296.75,0
14987.0,2,326.4,0
14988.0,1,334.54,0
14995.0,2,233.23000000000002,0
14997.0,4,540.98,0
14998.0,2,429.87,0
15000.0,1,490.52,0
15002.0,4,1641.76,0
15004.0,1,1246.32,0
15005.0,35,6180.49,2
15006.0,1,502.09,0
15007.0,1,156.91,0
15009.0,3,1261.78,0
15010.0,1,308.94,0
15012.0,2,423.04,0
15014.0,2,260.17,0
15016.0,1,170.04,0
15017.0,1,125.58,0
15018.0,4,456.26,0
15019.0,1,266.0,0
15021.0,13,1872.28,0
15022.0,4,905.04,0
15023.0,12,6763.16,0
15024.0,10,1661.33,0
15025.0,1,377.01,0
15026.0,3,469.0,0
15027.0,6,1051.95,0
15028.0,4,627.13,0
15030.0,2,518.28,0
15031.0,4,668.14,0
15032.0,5,4464.1,0
15033.0,11,2571.02,0
15034.0,11,4277.66,0
15035.0,1,252.73000000000002,0
15036.0,3,465.55,0
15038.0,7,665.59,0
15039.0,52,19786.44,2
15041.0,1,180.35,0
15042.0,1,135.93,0
15043.0,1,537.0,0
15044.0,22,7629.38,2
15045.0,3,633.66,0
15046.0,16,5064.01,0
15047.0,1,343.62,0
15048.0,5,380.57,0
15049.0,1,121.17000000000002,0
15050.0,5,1727.17,0
15051.0,3,1391.61,0
15052.0,1,215.78,0
15053.0,3,697.79,0
15054.0,2,302.1,0
15057.0,2,1489.5,0
15058.0,11,2124.9900000000002,0
15059.0,11,1325.82,0
15060.0,4,303.09,0
15061.0,55,54228.74,2
15062.0,4,987.86,0
15063.0,1,370.79999999999995,0
15065.0,6,3135.98,0
15066.0,2,760.59,0
15067.0,3,1744.76,0
15068.0,2,553.36,0
15069.0,1,1109.53,0
15070.0,1,106.2,0
15071.0,2,982.07,0
15073.0,4,612.43,0
15074.0,1,748.87,0
15075.0,1,773.03,0
15076.0,1,880.85,0
15078.0,38,9623.35,2
15079.0,5,893.66,0
15081.0,6,487.35,0
15083.0,1,88.2,0
15087.0,1,306.94,0
15088.0,3,1140.27,0
15089.0,6,2420.84,0
15090.0,1,381.32,0
15091.0,2,476.96,0
15092.0,2,457.81,0
15093.0,9,4410.14,0
15095.0,5,1364.7,0
15096.0,1,219.39000000000001,0
15097.0,1,248.08,0
15098.0,5,649.5,0
15099.0,1,410.48,0
15100.0,6,635.1,0
15101.0,3,310.03,0
15103.0,2,703.36,0
15104.0,3,1002.54,0
15105.0,7,2298.93,0
15106.0,7,1407.73,0
15107.0,8,247.66,0
15108.0,5,1291.75,0
15109.0,2,463.75,0
15110.0,7,970.25,0
15111.0,3,1567.48,0
15113.0,4,3439.41,0
15114.0,10,2760.56,0
15115.0,1,340.11,0
15116.0,4,1352.75,0
15117.0,6,1550.13,0
15118.0,1,244.8,0
15119.0,1,266.4,0
15120.0,2,343.82,0
15121.0,2,457.72,0
15122.0,6,1612.13,0
15123.0,2,2199.31,0
15124.0,2,184.19,0
15125.0,23,11117.05,2
15127.0,1,406.53,0
15128.0,8,1419.54,0
15129.0,11,3447.4,0
15130.0,1,330.11,0
15132.0,5,977.9300000000001,0
15133.0,3,982.42,0
15134.0,8,1387.99,0
15135.0,2,127.15,0
15136.0,5,1282.45,0
15139.0,2,178.96,0
15140.0,8,2350.0,0
15142.0,1,498.74,0
15143.0,1,259.45,0
15144.0,18,6530.04,2
15145.0,4,1194.73,0
15146.0,3,1313.66,0
15147.0,2,608.65,0
15148.0,1,301.29,0
15149.0,1,520.8000000000001,0
15150.0,11,5303.97,0
15152.0,16,4684.24,0
15153.0,1,329.25,0
15154.0,2,240.27,0
15156.0,3,961.49,0
15157.0,5,1869.5,0
15158.0,1,401.40000000000003,0
15159.0,34,18573.68,2
15160.0,1,158.16,0
15163.0,2,304.47,0
15164.0,3,843.05,0
15165.0,1,487.75,0
15167.0,1,163.0,0
15168.0,1,106.56,0
15171.0,2,1034.5,0
15172.0,5,1624.05,0
15174.0,1,135.75,0
15175.0,1,224.14,0
15178.0,1,40.5,0
15179.0,7,2186.2,0
15180.0,1,87.5,0
15181.0,5,680.28,0
15182.0,2,622.85,0
15184.0,2,406.76,0
15185.0,1,310.62,0
15186.0,2,411.41,0
15187.0,18,4670.08,2
15189.0,53,15802.14,2
15192.0,3,1044.32,0
15193.0,1,499.32,0
15194.0,22,7521.17,2
15195.0,1,3861.0,0
15197.0,5,656.44,0
15198.0,2,193.64,0
15199.0,4,1268.7,0
15201.0,11,927.84,0
15203.0,6,1827.8,0
15204.0,1,316.58,0
15205.0,3,648.8299999999999,0
15206.0,4,420.29999999999995,0
15208.0,6,867.62,0
15210.0,1,331.18,0
15211.0,2,894.4100000000001,0
15212.0,2,88.94999999999999,0
15213.0,3,325.05,0
15214.0,8,1661.44,0
15215.0,6,615.99,0
15216.0,1,96.6,0
15218.0,11,5756.89,0
15219.0,1,305.75,0
15220.0,7,1758.92,0
15221.0,2,114.1,0
15222.0,1,585.0,0
15223.0,3,454.90000000000003,0
15224.0,3,310.48,0
15225.0,1,409.40000000000003,0
15226.0,1,154.41,0
15227.0,5,1219.4,0
15228.0,5,3376.96,0
15230.0,2,429.6,0
15232.0,2,612.06,0
15234.0,1,197.0,0
15235.0,12,2247.51,0
15236.0,1,321.05,0
15237.0,4,1412.32,0
15238.0,5,1056.54,0
15239.0,3,764.34,0
15240.0,7,1685.57,0
15241.0,9,1738.59,0
15243.0,1,316.68,0
15244.0,2,631.57,0
15245.0,3,2515.84,0
15246.0,2,514.15,0
15247.0,1,356.0,0
15249.0,15,6657.36,0
15251.0,15,10327.11,2
15252.0,2,740.78,0
15253.0,6,915.3,0
15254.0,1,300.36,0
15255.0,1,890.85,0
15256.0,1,98.45,0
15257.0,2,232.14999999999998,0
15258.0,2,623.16,0
15260.0,8,1780.77,0
15261.0,1,254.82,0
15262.0,1,178.95000000000002,0
15263.0,1,156.51,0
15264.0,1,393.74,0
15265.0,2,1506.1200000000001,0
15266.0,1,119.3,0
15267.0,5,1717.36,0
15269.0,1,408.8,0
15270.0,9,2298.2,0
15271.0,16,2485.82,0
15272.0,2,721.94,0
15274.0,2,716.57,0
15275.0,2,609.19,0
15276.0,1,135.31,0
15277.0,1,255.89999999999998,0
15279.0,2,277.40999999999997,0
15280.0,1,113.12,0
15281.0,12,2239.9500000000003,0
15286.0,1,240.55,0
15287.0,3,485.24,0
15288.0,5,2306.52,0
15289.0,4,935.1,0
15290.0,21,7803.7699999999995,2
15291.0,20,4596.51,2
15292.0,1,180.94,0
15296.0,10,3610.31,0
15297.0,4,635.04,0
15298.0,14,3774.1,0
15299.0,11,3787.09,0
15300.0,1,496.44,0
15301.0,14,5028.12,0
15303.0,1,574.02,0
15304.0,10,680.3,0
15306.0,3,1174.35,0
15307.0,1,205.3,0
15308.0,2,302.27,0
15311.0,118,59419.340000000004,1
15312.0,5,921.1,0
15313.0,1,52.0,0
15314.0,1,327.97,0
15315.0,3,551.54,0
15316.0,1,165.0,0
15318.0,1,312.62,0
15319.0,1,204.5,0
15320.0,1,267.13,0
15321.0,4,2650.73,0
15322.0,2,602.97,0
15325.0,1,162.29,0
15326.0,1,311.71,0
15327.0,1,208.75,0
15329.0,5,1005.5,0
15330.0,2,714.96,0
15332.0,4,1661.06,0
15333.0,1,1028.56,0
15334.0,3,351.67,0
15335.0,1,173.97,0
15339.0,3,557.57,0
15341.0,1,2020.52,0
15342.0,2,391.76,0
15343.0,1,364.5,0
15344.0,5,476.58,0
15345.0,2,367.69,0
15346.0,1,252.42000000000002,0
15347.0,1,201.60000000000002,0
15348.0,1,158.04,0
15349.0,2,473.81,0
15350.0,1,115.65,0
15351.0,10,1862.14,0
15353.0,2,777.02,0
15355.0,2,277.05,0
15356.0,10,2766.5,0
15358.0,29,8234.8,2
15360.0,1,427.93,0
15361.0,1,418.92,0
15363.0,2,318.05,0
15364.0,2,913.19,0
15365.0,9,1330.45,0
15366.0,2,602.51,0
15367.0,5,1867.69,0
15368.0,1,446.94000000000005,0
15369.0,1,-1592.49,0
15370.0,8,2360.55,0
15372.0,1,2007.3999999999999,0
15373.0,13,2213.11,0
15374.0,1,168.0,0
15376.0,3,1233.3600000000001,0
15379.0,8,3631.8900000000003,0
15380.0,6,1682.3600000000001,0
15381.0,2,596.85,0
15382.0,8,5927.86,0
15384.0,3,635.76,0
15385.0,1,316.88,0
15386.0,1,394.14,0
15388.0,1,140.54,0
15389.0,1,500.0,0
15392.0,5,1515.73,0
15393.0,2,231.86,0
15394.0,4,2183.54,0
15395.0,1,107.45,0
15396.0,1,288.18,0
15397.0,1,94.0,0
15398.0,3,1339.63,0
15399.0,3,815.77,0
15400.0,6,666.7,0
15402.0,2,626.77,0
15405.0,1,349.1,0
15406.0,4,426.61,0
15407.0,4,1056.44,0
15408.0,1,267.18,0
15410.0,8,3450.84,0
15411.0,5,1346.38,0
15412.0,1,190.53,0
15414.0,3,774.9000000000001,0
15415.0,1,572.8100000000001,0
15416.0,5,3974.37,0
15417.0,1,508.8,0
15419.0,1,135.86,0
15421.0,4,950.36,0
15422.0,2,97.7,0
15423.0,1,43.5,0
15424.0,2,383.34,0
15426.0,7,1429.9,0
15427.0,3,1483.14,0
15428.0,1,93.78,0
15429.0,3,364.90000000000003,0
15432.0,1,171.19,0
15433.0,3,417.87,0
15434.0,6,997.48,0
15435.0,1,149.29,0
15436.0,3,1122.53,0
15437.0,1,200.16,0
15438.0,1,156.57999999999998,0
15440.0,3,383.68,0
15442.0,1,594.0,0
15443.0,8,3212.16,0
15444.0,2,1418.26,0
15445.0,1,113.5,0
15447.0,1,155.17,0
15448.0,1,494.64,0
15449.0,5,971.22,0
15450.0,1,429.84,0
15452.0,3,538.73,0
15453.0,7,1388.37,0
15454.0,1,179.1,0
15456.0,3,447.22,0
15457.0,1,237.07,0
15458.0,1,161.64,0
15460.0,1,216.76,0
15462.0,3,234.6,0
15463.0,1,126.14,0
15464.0,1,1048.85,0
15465.0,24,6945.0199999999995,2
15466.0,1,334.53,0
15467.0,4,511.88,0
15468.0,5,438.46,0
15469.0,4,504.5,0
15471.0,1,469.48,0
15472.0,1,371.56,0
15473.0,10,1465.2,0
15475.0,1,454.10999999999996,0
15478.0,2,1441.42,0
15480.0,1,905.5,0
15482.0,16,6568.72,2
15483.0,4,233.81,0
15484.0,5,3563.11,0
15485.0,3,2575.0,0
15488.0,1,91.32000000000001,0
15489.0,4,1090.03,0
15491.0,7,3090.85,0
15492.0,2,659.4599999999999,0
15493.0,7,1967.25,0
15494.0,2,1299.23,0
15497.0,3,1259.7,0
15498.0,35,12396.46,2
15500.0,4,1131.56,0
15502.0,23,5541.46,2
15503.0,1,147.09,0
15504.0,1,52.83,0
15505.0,7,3497.14,0
15506.0,3,979.26,0
15507.0,1,492.36,0
15508.0,6,1000.27,0
15510.0,1,250.0,0
15511.0,5,909.23,0
15512.0,2,121.0,0
15513.0,22,14520.08,2
15514.0,13,2963.19,0
15516.0,3,62.43,0
15517.0,1,267.03,0
15518.0,13,1911.89,0
15520.0,1,343.5,0
15521.0,13,2574.65,0
15522.0,2,398.84,0
15523.0,1,412.01000000000005,0
15524.0,1,440.0,0
15525.0,4,811.02,0
15526.0,2,148.44,0
15527.0,10,2348.82,0
15528.0,1,229.33,0
15529.0,12,3967.78,0
15530.0,4,1502.35,0
15531.0,2,2007.44,0
15532.0,6,1517.08,0
15533.0,5,746.92,0
15535.0,7,459.9,0
15537.0,1,110.92,0
15539.0,1,538.46,0
15540.0,1,213.3,0
15541.0,1,85.13000000000001,0
15543.0,1,127.86,0
15544.0,11,3542.51,0
15545.0,2,292.71999999999997,0
15547.0,14,4954.84,0
15549.0,4,1655.76,0
15550.0,4,575.63,0
15551.0,1,436.06,0
15552.0,1,90.12,0
15553.0,1,437.23,0
15554.0,1,217.2,0
15555.0,20,4758.2,2
15556.0,1,279.77,0
15557.0,1,473.65000000000003,0
15561.0,5,722.74,0
15562.0,1,134.55,0
15563.0,7,1319.69,0
15565.0,2,173.16,0
15567.0,1,186.01,0
15568.0,3,758.29,0
15569.0,5,1375.71,0
15570.0,13,4109.97,0
15571.0,4,650.4300000000001,0
15572.0,7,2552.86,0
15573.0,2,607.45,0
15574.0,4,702.25,0
15576.0,1,940.6700000000001,0
15577.0,3,258.88,0
15578.0,1,127.1,0
15579.0,2,348.6,0
15581.0,14,3429.9700000000003,0
15582.0,3,682.9100000000001,0
15584.0,5,722.61,0
15585.0,1,455.3,0
15587.0,4,913.6800000000001,0
15589.0,4,456.58,0
15590.0,1,-30.19,0
15592.0,1,388.58,0
15593.0,1,199.8,0
15594.0,6,1767.53,0
15596.0,9,1343.34,0
15597.0,2,315.71999999999997,0
15598.0,3,235.68,0
15599.0,2,761.74,0
15601.0,17,6745.36,2
15602.0,15,1083.63,0
15603.0,1,48.480000000000004,0
15604.0,1,216.39,0
15605.0,5,1198.23,0
15606.0,11,2422.64,0
15607.0,1,104.76,0
15608.0,4,1093.68,0
15609.0,2,270.03000000000003,0
15610.0,1,112.46000000000001,0
15611.0,15,1568.39,0
15612.0,2,195.15,0
15615.0,27,10360.04,2
15618.0,5,747.031,0
15619.0,1,336.40000000000003,0
15620.0,6,1524.4,0
15621.0,6,1158.77,0
15622.0,16,3224.53,0
15623.0,1,301.03,0
15624.0,4,588.13,0
15625.0,8,1504.56,0
15626.0,2,675.8,0
15628.0,10,2865.64,0
15630.0,3,1180.4,0
15632.0,10,3147.31,0
15634.0,1,243.55,0
15636.0,2,724.76,0
15637.0,1,223.36,0
15638.0,1,-94.0,0
15639.0,1,425.32,0
15640.0,17,12433.34,2
15641.0,4,1887.2,0
15643.0,6,647.4,0
15644.0,4,813.0,0
15645.0,1,612.01,0
15646.0,4,425.14000000000004,0
15648.0,4,599.9,0
15649.0,2,816.0,0
15651.0,3,646.3,0
15652.0,1,337.74,0
15653.0,2,877.4399999999999,0
15654.0,2,922.53,0
15655.0,2,511.32,0
15656.0,4,748.5,0
15657.0,1,30.0,0
15658.0,8,958.9,0
15659.0,1,306.45,0
15660.0,12,1552.01,0
15661.0,2,309.8,0
15663.0,1,138.14,0
15664.0,2,358.63,0
15665.0,2,2242.01,0
15667.0,1,301.32,0
15668.0,1,76.32000000000001,0
15669.0,5,677.69,0
15670.0,1,173.05,0
15671.0,10,2635.4900000000002,0
15673.0,4,2881.02,0
15674.0,8,1744.02,0
15675.0,3,323.69,0
15676.0,5,3324.09,0
15677.0,1,657.23,0
15678.0,1,352.7,0
15679.0,4,781.28,0
15680.0,3,1333.68,0
15681.0,6,946.36,0
15683.0,1,193.75,0
15687.0,11,2981.5,0
15689.0,2,254.1,0
15690.0,2,239.76,0
15691.0,1,136.8,0
15692.0,1,191.04,0
15694.0,15,6423.6,0
15695.0,2,409.98,0
15696.0,12,2644.46,0
15699.0,1,309.65,0
15700.0,3,664.03,0
15701.0,4,1542.14,0
15703.0,1,211.5,0
15704.0,4,2293.62,0
15705.0,1,143.1,0
15706.0,7,1001.8100000000001,0
15707.0,4,945.58,0
15708.0,11,3329.7200000000003,0
15709.0,1,133.25,0
15712.0,5,1072.3600000000001,0
15713.0,3,346.75,0
15714.0,2,330.88,0
15716.0,4,1118.81,0
15717.0,1,150.3,0
15719.0,14,5043.96,0
15720.0,1,598.73,0
15721.0,1,507.08,0
15722.0,6,2181.21,0
15723.0,1,203.1,0
15724.0,3,212.3,0
15725.0,1,415.25,0
15727.0,7,5178.96,0
15728.0,1,-134.8,0
15729.0,2,62.0,0
15730.0,4,1108.38,0
15732.0,2,294.12,0
15733.0,1,162.3,0
15734.0,2,1339.45,0
15737.0,12,1121.21,0
15738.0,19,4788.77,2
15739.0,1,449.12,0
15740.0,1,154.88,0
15743.0,4,784.46,0
15744.0,1,34.8,0
15745.0,6,1071.24,0
15746.0,2,182.96,0
15747.0,3,974.04,0
15748.0,1,149.31,0
15749.0,4,21535.9,0
15750.0,9,2451.23,0
15752.0,8,2628.93,0
15753.0,1,79.2,0
15754.0,4,455.67,0
15755.0,8,2318.88,0
15756.0,4,532.96,0
15757.0,2,714.42,0
15758.0,1,205.25,0
15759.0,3,253.04,0
15762.0,2,583.75,0
15763.0,3,1048.67,0
15764.0,10,3245.47,0
15766.0,1,315.06,0
15768.0,4,581.8299999999999,0
15769.0,29,51823.72,2
15773.0,1,635.6800000000001,0
15774.0,1,270.8,0
15775.0,1,104.9,0
15776.0,1,241.62,0
15777.0,5,1021.61,0
15780.0,3,475.28000000000003,0
15781.0,4,333.56,0
15782.0,4,2593.94,0
15783.0,1,246.3,0
15785.0,8,2303.75,0
15786.0,5,4834.2,0
15787.0,3,948.05,0
15789.0,1,351.3,0
15790.0,1,220.85,0
15791.0,3,1604.44,0
15793.0,4,948.96,0
15795.0,1,610.01,0
15796.0,10,2666.61,0
15797.0,4,2207.4,0
15799.0,3,884.14,0
15800.0,2,699.08,0
15801.0,4,1042.19,0
15802.0,3,-451.42,0
15803.0,1,415.82000000000005,0
15804.0,19,3848.55,2
15805.0,20,5452.17,2
15806.0,3,784.58,0
15807.0,3,903.9,0
15808.0,5,3724.77,0
15809.0,6,399.21,0
15810.0,7,1145.43,0
15811.0,9,2171.32,0
15812.0,5,1801.14,0
15813.0,2,1303.9099999999999,0
15814.0,6,1842.73,0
15815.0,5,2100.6,0
15819.0,4,1905.45,0
15820.0,1,206.98,0
15821.0,2,570.96,0
15822.0,2,885.47,0
15823.0,2,-840.76,0
15825.0,1,532.94,0
15826.0,4,1649.3600000000001,0
15827.0,20,1641.48,2
15829.0,2,636.14,0
15830.0,2,547.7,0
15831.0,4,747.76,0
15832.0,1,836.79,0
15834.0,6,2084.9,0
15835.0,4,954.09,0
15836.0,2,117.47,0
15837.0,1,391.98,0
15838.0,21,33350.76,2
15839.0,5,1020.74,0
15840.0,3,345.66,0
15841.0,6,1209.1,0
15843.0,1,118.95000000000002,0
15844.0,1,130.73999999999998,0
15845.0,10,3650.87,0
15847.0,2,389.27,0
15850.0,2,238.85,0
15852.0,2,160.71,0
15853.0,1,110.8,0
15854.0,12,2974.65,0
15855.0,5,712.24,0
15856.0,31,16173.67,2
15857.0,1,297.0,0
15858.0,5,1438.85,0
15860.0,8,977.21,0
15861.0,9,3000.36,0
15862.0,4,832.88,0
15863.0,2,68.84,0
15864.0,8,1769.7800000000002,0
15865.0,3,895.13,0
15866.0,1,230.53,0
15867.0,16,3797.79,0
15869.0,2,149.64,0
15870.0,1,354.09000000000003,0
15872.0,2,360.93,0
15874.0,9,4330.67,0
15877.0,3,440.78,0
15880.0,2,313.28000000000003,0
15881.0,8,438.24,0
15882.0,5,495.36,0
15883.0,2,396.48,0
15885.0,3,379.35,0
15886.0,1,181.09,0
15888.0,2,141.27,0
15889.0,2,446.87,0
15891.0,1,524.52,0
15894.0,2,263.55,0
15895.0,1,179.17,0
15897.0,2,222.05,0
15898.0,6,1384.68,0
15899.0,1,56.25,0
15900.0,1,351.11,0
15901.0,3,363.88,0
15903.0,8,5126.34,0
15904.0,1,164.68,0
15906.0,8,1521.79,0
15907.0,3,967.45,0
15909.0,1,191.94,0
15910.0,8,1232.18,0
15912.0,2,264.62,0
15916.0,10,1491.24,0
15917.0,1,123.1,0
15918.0,2,334.23,0
15919.0,2,639.89,0
15920.0,4,167.5,0
15921.0,1,336.03000000000003,0
15922.0,2,363.6,0
15923.0,1,127.08,0
15925.0,1,207.15,0
15930.0,1,426.63,0
15932.0,11,2461.85,0
15933.0,3,1107.46,0
15935.0,2,416.86,0
15937.0,1,145.35,0
15938.0,5,404.58,0
15939.0,16,6102.26,2
15940.0,2,31.799999999999997,0
15942.0,1,337.44,0
15944.0,1,325.1,0
15945.0,1,181.0,0
15947.0,1,1708.24,0
15948.0,2,955.24,0
15949.0,2,364.72,0
15950.0,5,1705.26,0
15951.0,3,669.57,0
15952.0,4,806.57,0
15953.0,10,1634.53,0
15955.0,16,4389.81,0
15957.0,1,428.89,0
15958.0,1,104.35,0
15963.0,2,470.76,0
15965.0,4,845.64,0
15967.0,2,418.83,0
15969.0,4,582.9,0
15970.0,1,314.1,0
15971.0,12,4199.85,0
15973.0,3,99.77000000000002,0
15974.0,8,3429.55,0
15975.0,1,371.01,0
15976.0,2,430.94,0
15977.0,2,1054.73,0
15978.0,1,1098.78,0
15980.0,3,2398.86,0
15981.0,8,3408.48,0
15983.0,4,1475.02,0
15984.0,11,2816.97,0
15985.0,3,1037.42,0
15986.0,1,168.12,0
15987.0,7,1451.28,0
15988.0,1,158.03,0
15990.0,2,792.11,0
15992.0,1,41.989999999999995,0
15993.0,10,2756.82,0
15994.0,1,427.07,0
15996.0,7,1044.78,0
15998.0,6,3084.17,0
16000.0,3,12393.7,0
16003.0,5,2735.37,0
16005.0,4,615.39,0
16006.0,1,101.4,0
16007.0,4,1701.94,0
16008.0,3,478.78,0
16009.0,4,992.71,0
16010.0,3,407.5,0
16011.0,16,3362.71,0
16012.0,3,1415.29,0
16013.0,54,33366.25,2
16014.0,4,653.13,0
16015.0,4,690.54,0
16016.0,10,1483.31,0
16017.0,1,211.88,0
16018.0,2,408.90000000000003,0
16019.0,10,3450.2400000000002,0
16020.0,3,851.01,0
16022.0,1,628.28,0
16023.0,3,719.81,0
16024.0,1,251.24,0
16025.0,1,439.65999999999997,0
16026.0,1,236.09,0
16027.0,7,852.12,0
16029.0,76,50992.61,2
16030.0,1,331.24,0
16031.0,2,548.94,0
16033.0,27,8727.61,2
16034.0,3,437.7,0
16036.0,2,758.92,0
16037.0,3,855.02,0
16038.0,4,454.33000000000004,0
16040.0,3,1313.55,0
16041.0,3,3166.4,0
16042.0,7,1147.37,0
16043.0,4,773.99,0
16045.0,4,1340.7,0
16048.0,3,243.69000000000003,0
16049.0,3,1111.79,0
16050.0,1,137.9,0
16052.0,1,362.06,0
16053.0,2,1511.95,0
16054.0,1,783.9,0
16055.0,1,134.8,0
16056.0,1,664.85,0
16057.0,10,2140.2200000000003,0
16059.0,6,1459.8600000000001,0
16061.0,1,-29.95,0
16062.0,4,1153.62,0
16063.0,1,335.32,0
16065.0,1,372.09,0
16066.0,5,1521.87,0
16070.0,2,852.15,0
16071.0,1,326.24,0
16072.0,1,584.3199999999999,0
16073.0,2,94.35,0
16076.0,11,2173.53,0
16078.0,1,79.2,0
16079.0,3,1352.0,0
16080.0,3,176.6,0
16081.0,5,2806.9,0
16083.0,2,1317.62,0
16084.0,1,436.18,0
16085.0,5,981.51,0
16086.0,6,1119.31,0
16091.0,2,315.06,0
16092.0,5,779.36,0
16093.0,1,17.0,0
16094.0,6,1041.83,0
16096.0,1,320.62,0
16097.0,1,185.04999999999998,0
16098.0,7,2005.63,0
16099.0,3,731.9,0
16101.0,3,1245.96,0
16102.0,3,1842.14,0
16103.0,6,1429.64,0
16104.0,1,302.36,0
16105.0,1,336.96,0
16106.0,1,108.38,0
16107.0,7,3204.1600000000003,0
16108.0,2,816.1,0
16109.0,2,611.88,0
16110.0,3,1337.48,0
16112.0,4,195.73999999999998,0
16113.0,1,161.38,0
16114.0,1,135.75000000000003,0
16115.0,8,1667.97,0
16116.0,2,592.88,0
16117.0,1,232.21,0
16119.0,2,423.36,0
16120.0,5,1294.14,0
16121.0,2,867.11,0
16122.0,4,684.4200000000001,0
16123.0,1,307.78,0
16124.0,2,187.15,0
16125.0,1,289.35,0
16126.0,4,6287.77,0
16127.0,1,656.25,0
16128.0,5,1880.22,0
16131.0,6,3506.54,0
16133.0,46,14305.66,2
16134.0,3,603.69,0
16135.0,1,517.55,0
16136.0,3,709.38,0
16138.0,1,-7.95,0
16139.0,3,635.41,0
16140.0,4,703.77,0
16141.0,1,620.4,0
16142.0,1,535.34,0
16143.0,7,2419.84,0
16144.0,1,175.2,0
16145.0,18,3741.98,2
16146.0,3,734.13,0
16147.0,1,375.0,0
16148.0,1,76.32000000000001,0
16149.0,2,280.52,0
16150.0,10,1906.07,0
16152.0,1,1829.04,0
16153.0,5,1824.23,0
16156.0,13,3024.62,0
16157.0,4,644.24,0
16159.0,1,348.2,0
16160.0,4,1009.4499999999999,0
16161.0,26,5352.97,2
16162.0,1,37.4,0
16163.0,3,441.59999999999997,0
16164.0,4,802.53,0
16168.0,28,3770.6,2
16169.0,4,1822.97,0
16170.0,7,1880.4199999999998,0
16171.0,1,73.2,0
16172.0,5,1140.21,0
16173.0,7,1406.57,0
16174.0,3,1009.5500000000001,0
16175.0,4,1037.59,0
16177.0,1,331.95,0
16178.0,1,197.9,0
16179.0,1,215.83,0
16180.0,10,10217.48,0
16181.0,1,305.54,0
16182.0,4,6617.65,0
16183.0,1,338.71000000000004,0
16184.0,7,1155.54,0
16185.0,2,529.41,0
16186.0,13,3991.94,0
16187.0,17,6841.24,2
16188.0,4,981.86,0
16189.0,2,215.48,0
16190.0,1,215.08,0
16191.0,25,4913.32,2
16193.0,1,314.45,0
16198.0,1,400.68100000000004,0
16200.0,2,1080.6200000000001,0
16201.0,5,1821.52,0
16202.0,1,365.27,0
16203.0,5,589.15,0
16204.0,1,405.71,0
16205.0,4,761.38,0
16206.0,4,537.0600000000001,0
16207.0,1,394.38,0
16208.0,2,664.26,0
16209.0,5,2262.62,0
16210.0,18,21086.3,2
16211.0,2,542.77,0
16212.0,3,681.19,0
16213.0,1,159.0,0
16214.0,3,1062.75,0
16215.0,1,242.35,0
16216.0,1,914.9300000000001,0
16217.0,4,259.39000000000004,0
16218.0,8,3054.87,0
16221.0,3,864.86,0
16222.0,1,846.72,0
16224.0,4,1295.3,0
16225.0,5,1096.32,0
16226.0,3,255.12,0
16227.0,2,308.32000000000005,0
16229.0,2,1010.6,0
16230.0,2,542.03,0
16232.0,5,983.23,0
16233.0,5,422.13,0
16235.0,6,858.41,0
16236.0,1,432.2,0
16239.0,3,372.9,0
16240.0,5,3693.81,0
16241.0,13,2607.87,0
16242.0,8,3598.26,0
16243.0,2,409.1,0
16244.0,2,1522.75,0
16245.0,5,1352.3600000000001,0
16247.0,1,114.56,0
16248.0,1,152.94,0
16249.0,5,1800.07,0
16250.0,2,389.44,0
16252.0,1,-295.09,0
16253.0,3,3665.62,0
16255.0,10,2609.3,0
16256.0,2,732.63,0
16257.0,1,46.95,0
16258.0,5,5203.51,0
16260.0,1,1035.45,0
16261.0,4,746.83,0
16262.0,1,-31.65,0
16265.0,11,5423.15,0
16266.0,7,861.89,0
16268.0,2,667.65,0
16270.0,1,1141.24,0
16271.0,6,1423.29,0
16272.0,1,411.7,0
16274.0,1,357.95,0
16275.0,1,559.87,0
16276.0,1,810.6000000000001,0
16278.0,3,537.83,0
16279.0,4,1496.68,0
16281.0,1,2062.06,0
16282.0,1,168.3,0
16283.0,7,1531.51,0
16284.0,2,823.97,0
16287.0,1,142.5,0
16292.0,2,280.9,0
16293.0,12,2236.7400000000002,0
16295.0,4,1328.55,0
16297.0,4,275.4,0
16298.0,3,598.2,0
16302.0,2,212.82,0
16303.0,4,5305.83,0
16305.0,1,361.21999999999997,0
16306.0,9,602.27,0
16308.0,4,2560.0,0
16309.0,3,686.67,0
16311.0,2,616.26,0
16313.0,2,274.15000000000003,0
16315.0,1,226.37,0
16316.0,12,2755.56,0
16317.0,3,1341.65,0
16318.0,1,328.15,0
16319.0,1,404.40000000000003,0
16320.0,2,1038.46,0
16321.0,7,230.70000000000002,0
16322.0,2,326.75,0
16323.0,1,207.50000000000003,0
16324.0,3,428.68,0
16325.0,5,510.54,0
16326.0,15,3085.96,0
16327.0,6,3844.22,0
16330.0,4,242.21,0
16332.0,8,1583.2,0
16333.0,22,26626.8,2
16337.0,1,151.05,0
16338.0,1,214.79999999999998,0
16339.0,1,109.95,0
16340.0,1,549.07,0
16341.0,6,1959.38,0
16342.0,4,322.41,0
16343.0,2,370.47999999999996,0
16344.0,1,101.10000000000001,0
16345.0,1,575.41,0
16347.0,2,887.65,0
16348.0,7,1469.45,0
16349.0,1,53.5,0
16350.0,5,1100.47,0
16351.0,1,153.9,0
16352.0,2,494.44,0
16353.0,23,6675.71,2
16354.0,2,395.8,0
16356.0,4,210.32000000000002,0
16357.0,3,658.88,0
16358.0,5,2024.95,0
16359.0,12,1460.3700000000001,0
16360.0,8,3411.69,0
16361.0,4,896.66,0
16362.0,9,652.07,0
16363.0,1,109.36000000000001,0
16364.0,2,707.04,0
16365.0,9,1540.42,0
16366.0,1,327.3,0
16367.0,2,804.49,0
16368.0,2,497.43,0
16369.0,3,1553.66,0
16370.0,4,1320.56,0
16372.0,2,367.93,0
16374.0,2,473.03000000000003,0
16376.0,3,977.52,0
16377.0,1,676.2,0
16378.0,3,362.95,0
16379.0,5,2131.9,0
16380.0,1,1780.59,0
16383.0,2,668.36,0
16384.0,2,584.5,0
16385.0,3,555.89,0
16386.0,2,317.2,0
16387.0,1,94.36,0
16389.0,5,1362.27,0
16392.0,1,221.19,0
16393.0,20,2941.05,2
16394.0,9,1412.06,0
16395.0,5,1486.9,0
16398.0,4,1631.15,0
16399.0,2,408.57,0
16400.0,1,303.93,0
16401.0,20,4061.24,2
16402.0,2,299.6,0
16403.0,2,161.04999999999998,0
16404.0,1,443.05,0
16405.0,2,167.25,0
16406.0,1,163.07,0
16407.0,10,2126.93,0
16409.0,5,2028.88,0
16411.0,2,214.65,0
16412.0,1,151.83,0
16413.0,1,262.2,0
16414.0,2,126.25,0
16415.0,1,210.35,0
16416.0,4,1026.99,0
16418.0,3,675.27,0
16419.0,7,959.48,0
16422.0,75,33805.69,2
16423.0,1,346.12,0
16424.0,2,82.56,0
16425.0,1,302.7,0
16426.0,10,1908.25,0
16427.0,2,241.06,0
16428.0,1,-2.95,0
16429.0,1,284.55,0
16430.0,1,300.85,0
16431.0,3,642.81,0
16432.0,1,287.4,0
16433.0,1,184.26,0
16434.0,7,1522.25,0
16438.0,5,798.35,0
16440.0,5,3640.67,0
16441.0,2,381.2,0
16442.0,3,616.79,0
16444.0,5,638.77,0
16445.0,1,230.51,0
16446.0,3,2.8999999999941792,0
16447.0,1,259.01,0
16448.0,1,188.89000000000001,0
16449.0,3,674.69,0
16450.0,1,311.92,0
16451.0,1,266.97,0
16454.0,3,-8.15,0
16455.0,7,1841.18,0
16456.0,5,2158.37,0
16457.0,1,208.36,0
16458.0,18,3482.7400000000002,2
16460.0,3,814.72,0
16461.0,1,151.42,0
16462.0,4,102.0,0
16463.0,7,1383.7,0
16464.0,3,1314.68,0
16466.0,7,1603.46,0
16468.0,1,74.9,0
16469.0,4,650.43,0
16470.0,5,757.44,0
16471.0,1,223.95000000000002,0
16473.0,4,314.86,0
16474.0,11,1811.47,0
16475.0,4,544.3,0
16477.0,7,2494.46,0
16478.0,3,331.0,0
16479.0,2,300.83,0
16480.0,1,769.29,0
16482.0,1,220.62,0
16483.0,1,139.35,0
16484.0,3,379.4,0
16485.0,1,363.65,0
16488.0,4,492.2,0
16491.0,1,731.5,0
16493.0,6,1329.66,0
16494.0,1,826.53,0
16495.0,3,684.41,0
16496.0,4,1562.22,0
16497.0,6,2965.69,0
16498.0,3,86.12,0
16499.0,5,319.1,0
16500.0,6,400.86,0
16503.0,5,1421.43,0
16504.0,1,484.38,0
16505.0,1,777.6,0
16506.0,2,90.30000000000001,0
16509.0,1,363.7,0
16510.0,1,248.1,0
16511.0,3,950.26,0
16513.0,4,874.59,0
16515.0,5,1627.13,0
16516.0,1,101.69999999999999,0
16517.0,1,162.7,0
16518.0,3,480.92,0
16519.0,2,215.07999999999998,0
16520.0,4,1036.6200000000001,0
16523.0,28,9295.67,2
16525.0,29,11895.57,2
16526.0,1,290.36,0
16527.0,1,228.06,0
16528.0,1,244.41,0
16529.0,1,455.25,0
16531.0,7,1244.59,0
16532.0,3,6748.8,0
16533.0,5,1026.94,0
16535.0,1,593.75,0
16536.0,2,539.02,0
16539.0,4,1388.81,0
16542.0,1,119.62,0
16545.0,1,339.3,0
16546.0,3,-95.93,0
16549.0,10,4154.64,0
16550.0,9,2266.25,0
16551.0,3,922.12,0
16552.0,2,379.73,0
16553.0,14,5664.57,0
16554.0,7,641.55,0
16555.0,2,285.89,0
16556.0,7,3313.79,0
16557.0,2,281.85,0
16558.0,24,8257.04,2
16560.0,3,816.51,0
16561.0,2,511.12,0
16563.0,1,1077.74,0
16565.0,1,173.7,0
16566.0,6,614.01,0
16567.0,2,865.6,0
16569.0,1,124.2,0
16570.0,15,3622.95,0
16571.0,5,1285.22,0
16572.0,4,999.7,0
16573.0,4,648.41,0
16574.0,1,451.44,0
16579.0,1,-30.599999999999998,0
16581.0,2,70.44,0
16582.0,1,313.62,0
16583.0,1,233.45,0
16584.0,3,908.03,0
16586.0,1,463.95,0
16587.0,1,225.15,0
16589.0,3,459.24,0
16591.0,1,213.5,0
16592.0,19,4073.28,2
16593.0,3,330.03,0
16594.0,1,181.09,0
16595.0,1,360.16,0
16596.0,2,250.15,0
16597.0,1,90.04,0
16598.0,2,140.7,0
16600.0,6,813.52,0
16601.0,1,244.79999999999998,0
16602.0,2,494.72999999999996,0
16603.0,2,482.47,0
16607.0,16,3038.67,0
16609.0,9,5450.96,0
16610.0,1,75.66,0
16611.0,2,120.99000000000001,0
16612.0,4,1187.66,0
16613.0,1,618.59,0
16614.0,1,506.19,0
16616.0,2,500.42,0
16617.0,1,151.85,0
16618.0,6,2630.64,0
16619.0,2,204.41,0
16620.0,2,178.96,0
16621.0,4,813.48,0
16623.0,1,129.45,0
16624.0,2,810.5699999999999,0
16625.0,1,333.08,0
16626.0,20,4379.65,2
16627.0,1,322.8,0
16628.0,6,2183.04,0
16629.0,2,417.73,0
16633.0,7,2878.15,0
16634.0,2,217.9,0
16637.0,5,1124.59,0
16638.0,11,1676.47,0
16639.0,4,1169.38,0
16641.0,1,231.10000000000002,0
16642.0,3,679.83,0
16643.0,1,487.51,0
16644.0,2,833.78,0
16647.0,2,214.06,0
16648.0,2,270.85999999999996,0
16650.0,1,518.42,0
16652.0,11,6654.26,0
16653.0,3,1166.92,0
16654.0,5,594.97,0
16655.0,6,3794.52,0
16656.0,21,8568.24,2
16657.0,4,933.62,0
16658.0,1,123.24,0
16659.0,1,39.12,0
16660.0,5,810.4499999999999,0
16665.0,1,135.39999999999998,0
16666.0,1,118.98,0
16667.0,2,570.13,0
16668.0,6,306.71999999999997,0
16669.0,4,1370.8700000000001,0
16670.0,17,4022.46,2
16671.0,3,1692.27,0
16672.0,23,8093.59,2
16674.0,2,319.61,0
16676.0,5,1558.72,0
16678.0,17,3013.83,0
16679.0,1,129.75,0
16680.0,1,183.7,0
16681.0,6,1770.34,0
16682.0,5,1028.0,0
16684.0,31,65892.08,2
16685.0,2,324.24,0
16686.0,9,3043.48,0
16688.0,4,1260.86,0
16689.0,3,303.26,0
16690.0,3,208.63,0
16692.0,2,1276.0,0
16693.0,2,482.01,0
16696.0,4,657.9000000000001,0
16697.0,1,112.75,0
16698.0,2,1998.0,0
16700.0,17,5040.0,2
16701.0,18,5150.2699999999995,2
16705.0,29,13946.130000000001,2
16706.0,3,531.35,0
16708.0,1,656.63,0
16709.0,5,3029.87,0
16710.0,10,2483.04,0
16711.0,5,1651.03,0
16712.0,11,3645.43,0
16713.0,21,6840.2300000000005,2
16714.0,4,911.53,0
16715.0,1,301.71999999999997,0
16716.0,3,319.8000000000001,0
16717.0,9,3278.36,0
16718.0,1,623.75,0
16719.0,8,1773.92,0
16720.0,1,155.24,0
16721.0,1,292.47,0
16722.0,16,4711.21,0
16723.0,2,589.15,0
16725.0,8,775.07,0
16726.0,5,1382.02,0
16727.0,1,272.82,0
16728.0,4,1054.67,0
16729.0,26,7076.28,2
16730.0,4,702.79,0
16732.0,1,603.75,0
16734.0,3,650.51,0
16735.0,7,2269.21,0
16737.0,1,417.59999999999997,0
16738.0,1,3.75,0
16739.0,2,312.55,0
16742.0,2,0.0,0
16743.0,8,2191.84,0
16744.0,7,1304.76,0
16745.0,18,7170.7,2
16746.0,19,6694.31,2
16747.0,4,826.96,0
16748.0,5,1515.9,0
16750.0,5,623.93,0
16751.0,1,1764.72,0
16752.0,1,207.5,0
16753.0,1,223.92000000000002,0
16754.0,1,2002.4,0
16755.0,5,1484.63,0
16756.0,1,239.4,0
16757.0,1,106.83000000000001,0
16758.0,1,369.34000000000003,0
16759.0,4,772.84,0
16761.0,1,316.62,0
16762.0,3,1501.38,0
16763.0,2,594.9,0
16764.0,18,2758.25,2
16765.0,1,34.0,0
16766.0,2,1145.6,0
16767.0,11,5580.6,0
16768.0,5,458.04,0
16769.0,1,380.39,0
16770.0,6,744.9,0
16771.0,5,2246.81,0
16773.0,1,171.59,0
16774.0,5,654.92,0
16775.0,11,1695.66,0
16776.0,1,388.28,0
16777.0,2,226.35,0
16778.0,2,245.94,0
16779.0,28,10454.05,2
16780.0,2,425.19,0
16781.0,2,294.65,0
16782.0,19,2242.25,2
16784.0,1,107.6,0
16788.0,2,597.48,0
16789.0,1,80.8,0
16790.0,8,1520.1200000000001,0
16791.0,8,1706.28,0
16792.0,2,110.38000000000001,0
16793.0,1,243.84,0
16794.0,12,1201.51,0
16795.0,1,414.88,0
16796.0,1,305.62,0
16800.0,1,1201.49,0
16801.0,5,867.83,0
16803.0,1,332.3,0
16804.0,3,536.99,0
16805.0,2,460.59,0
16806.0,4,801.49,0
16807.0,3,1121.59,0
16808.0,2,288.42,0
16809.0,6,912.74,0
16810.0,2,275.64,0
16811.0,2,547.07,0
16812.0,1,479.35,0
16813.0,10,1692.98,0
16814.0,22,6500.6,2
16816.0,4,417.06,0
16817.0,13,1446.95,0
16818.0,13,3317.97,0
16820.0,1,497.61,0
16823.0,1,358.38,0
16824.0,2,460.64,0
16825.0,2,775.1800000000001,0
16826.0,1,341.7,0
16828.0,2,128.5,0
16829.0,1,197.22,0
16830.0,1,325.91,0
16832.0,3,199.15,0
16833.0,4,1106.53,0
16834.0,1,413.46,0
16835.0,2,180.85,0
16836.0,2,251.87,0
16837.0,12,3167.73,0
16838.0,3,582.9,0
16839.0,39,15357.78,2
16841.0,7,1774.62,0
16842.0,4,1260.44,0
16843.0,17,10183.82,2
16846.0,1,214.32,0
16847.0,1,193.44,0
16848.0,1,281.42,0
16849.0,1,124.57,0
16850.0,1,332.41,0
16851.0,3,342.45,0
16852.0,2,144.91000000000003,0
16855.0,2,328.4,0
16856.0,1,35.400000000000006,0
16858.0,2,345.89000000000004,0
16859.0,5,473.14,0
16861.0,3,151.65,0
16863.0,4,481.35,0
16866.0,3,207.73999999999998,0
16869.0,5,805.62,0
16871.0,7,2761.4900000000002,0
16872.0,3,680.02,0
16873.0,10,7066.31,0
16875.0,9,2023.47,0
16877.0,6,853.72,0
16878.0,2,0.0,0
16880.0,7,1519.08,0
16881.0,1,432.0,0
16882.0,3,705.12,0
16883.0,2,276.73,0
16884.0,2,429.84000000000003,0
16885.0,3,471.51,0
16887.0,1,194.88,0
16889.0,3,1578.67,0
16891.0,5,809.7,0
16892.0,7,496.84000000000003,0
16893.0,1,145.93,0
16895.0,1,219.14,0
16897.0,3,213.03,0
16898.0,4,444.46,0
16899.0,6,1281.56,0
16900.0,5,187.6900000000001,0
16902.0,1,1706.88,0
16903.0,1,373.24,0
16904.0,16,3754.27,0
16905.0,8,3085.48,0
16906.0,4,579.77,0
16907.0,5,981.65,0
16909.0,2,364.14,0
16910.0,8,1510.06,0
16912.0,14,2528.67,0
16913.0,1,113.44,0
16914.0,1,208.46,0
16915.0,6,621.6800000000001,0
16916.0,2,576.26,0
16917.0,1,391.52,0
16918.0,7,1043.34,0
16919.0,11,2596.45,0
16921.0,1,169.79,0
16923.0,26,6666.83,2
16924.0,4,739.5,0
16926.0,1,230.25,0
16927.0,3,543.05,0
16928.0,19,2781.5,2
16929.0,7,1295.39,0
16930.0,3,380.55,0
16931.0,21,4604.22,2
16932.0,1,161.94,0
16933.0,5,530.08,0
16934.0,2,950.9300000000001,0
16936.0,1,262.68,0
16938.0,5,1903.13,0
16940.0,3,3049.88,0
16942.0,10,1894.11,0
16943.0,3,816.73,0
16945.0,19,4345.5,2
16947.0,1,406.48,0
16948.0,3,435.02,0
16949.0,7,1161.27,0
16950.0,3,1178.56,0
16951.0,4,1262.75,0
16952.0,2,167.61,0
16953.0,1,20.8,0
16954.0,9,2085.08,0
16955.0,5,493.67,0
16956.0,2,292.34,0
16957.0,2,416.64,0
16959.0,1,117.35000000000001,0
16960.0,3,507.05,0
16961.0,1,234.17,0
16963.0,1,110.55000000000001,0
16965.0,1,201.19,0
16966.0,10,2148.47,0
16967.0,1,319.02,0
16968.0,2,439.43,0
16969.0,3,650.41,0
16971.0,2,232.20999999999998,0
16976.0,1,251.51999999999998,0
16978.0,1,344.33,0
16979.0,8,1809.05,0
16980.0,2,1078.96,0
16982.0,1,384.06,0
16983.0,8,1920.2,0
16984.0,5,4392.42,0
16985.0,11,5461.62,0
16986.0,2,1873.2,0
16987.0,7,1625.05,0
16988.0,1,126.12,0
16989.0,6,1133.25,0
16990.0,1,179.0,0
16992.0,6,1601.8600000000001,0
16995.0,1,-1.25,0
16996.0,9,1427.46,0
16997.0,3,702.0,0
16998.0,6,287.02000000000004,0
16999.0,2,484.82,0
17001.0,11,3989.57,0
17002.0,4,1487.78,0
17004.0,2,1412.94,0
17006.0,4,781.78,0
17007.0,7,877.4300000000001,0
17010.0,2,185.46,0
17011.0,1,270.9,0
17014.0,4,565.58,0
17015.0,3,1842.56,0
17017.0,27,8574.11,2
17018.0,2,920.1,0
17019.0,4,1272.61,0
17022.0,1,71.0,0
17024.0,3,95.85,0
17025.0,3,357.77,0
17026.0,2,154.82999999999998,0
17027.0,7,848.59,0
17029.0,2,716.0,0
17030.0,1,146.87,0
17031.0,2,380.35,0
17033.0,3,1030.14,0
17034.0,4,734.5699999999999,0
17035.0,3,388.33,0
17037.0,2,1253.22,0
17038.0,1,112.4,0
17040.0,1,449.73,0
17041.0,4,1065.77,0
17042.0,5,1044.3799999999999,0
17043.0,4,1735.18,0
17044.0,3,897.4300000000001,0
17045.0,3,339.44,0
17046.0,1,642.02,0
17047.0,3,1100.9,0
17048.0,6,864.32,0
17049.0,11,5594.78,0
17050.0,6,3228.84,0
17051.0,1,247.14000000000001,0
17052.0,1,413.75,0
17053.0,2,496.38,0
17054.0,6,1353.83,0
17058.0,3,1179.89,0
17059.0,5,3095.04,0
17060.0,1,234.24,0
17061.0,12,5116.13,0
17062.0,5,534.47,0
17063.0,11,1421.59,0
17064.0,3,859.35,0
17065.0,1,-112.35,0
17068.0,22,4531.34,2
17069.0,13,2655.2200000000003,0
17070.0,1,312.14,0
17071.0,14,2385.48,0
17073.0,4,1446.09,0
17075.0,5,813.77,0
17076.0,3,841.0799999999999,0
17078.0,2,378.2,0
17079.0,1,118.80000000000001,0
17080.0,3,285.5,0
17081.0,2,290.16,0
17082.0,2,2003.85,0
17083.0,3,1405.78,0
17084.0,2,2949.75,0
17085.0,6,1555.05,0
17086.0,6,2050.08,0
17088.0,4,1991.01,0
17090.0,8,2041.8500000000001,0
17091.0,10,3802.81,0
17092.0,4,1777.78,0
17094.0,2,270.20000000000005,0
17095.0,6,1088.2,0
17096.0,7,992.6800000000001,0
17097.0,9,937.92,0
17100.0,2,971.74,0
17101.0,4,1621.73,0
17102.0,1,25.5,0
17105.0,2,665.78,0
17107.0,7,10380.43,0
17109.0,8,869.6800000000001,0
17110.0,1,163.29999999999998,0
17111.0,1,248.61,0
17114.0,10,747.22,0
17115.0,5,806.9000000000001,0
17117.0,1,116.19999999999999,0
17118.0,1,157.02,0
17119.0,3,593.61,0
17120.0,1,307.46,0
17122.0,1,138.32,0
17123.0,1,345.29999999999995,0
17124.0,1,298.89,0
17125.0,1,259.35,0
17126.0,7,991.85,0
17128.0,1,157.09,0
17131.0,5,2463.17,0
17133.0,7,4892.240000000001,0
17134.0,2,425.0,0
17135.0,7,1139.73,0
17138.0,1,380.5,0
17139.0,15,10585.57,2
17140.0,1,465.32,0
17142.0,1,579.0,0
17144.0,2,984.57,0
17146.0,3,749.78,0
17147.0,6,1679.64,0
17148.0,1,124.88,0
17152.0,4,1503.5,0
17153.0,1,213.78,0
17154.0,1,329.34,0
17155.0,2,251.70000000000002,0
17157.0,3,306.55,0
17158.0,3,1266.97,0
17159.0,4,1534.73,0
17160.0,6,3518.03,0
17162.0,11,1707.21,0
17163.0,2,293.1,0
17164.0,8,2466.4,0
17165.0,1,158.68,0
17166.0,3,189.49,0
17169.0,4,816.88,0
17171.0,1,224.91,0
17172.0,2,313.26,0
17173.0,9,3755.65,0
17174.0,1,59.9,0
17175.0,5,1430.94,0
17176.0,1,306.13,0
17179.0,3,711.79,0
17180.0,6,780.38,0
17181.0,2,239.92000000000002,0
17183.0,8,3286.9100000000003,0
17186.0,2,144.0,0
17187.0,1,203.95,0
17188.0,9,2275.58,0
17189.0,2,384.40000000000003,0
17190.0,3,249.74,0
17191.0,7,2095.13,0
17193.0,9,1674.46,0
17194.0,2,262.62,0
17197.0,1,1013.01,0
17198.0,3,692.22,0
17201.0,1,342.63,0
17203.0,6,3563.85,0
17204.0,9,1352.91,0
17205.0,1,384.08,0
17206.0,1,204.24,0
17211.0,9,2299.67,0
17212.0,1,226.85,0
17213.0,11,2741.08,0
17214.0,7,984.12,0
17217.0,1,113.5,0
17218.0,10,1960.72,0
17219.0,1,114.23,0
17220.0,14,3198.25,0
17221.0,2,335.13,0
17222.0,1,354.15,0
17223.0,2,426.79,0
17226.0,1,393.49,0
17227.0,6,939.32,0
17228.0,8,1906.09,0
17229.0,2,318.76,0
17230.0,11,3466.67,0
17231.0,14,3127.82,0
17232.0,2,421.52,0
17233.0,1,190.88,0
17234.0,1,149.89000000000001,0
17235.0,2,550.06,0
17236.0,6,916.13,0
17237.0,2,314.69,0
17238.0,17,3744.65,2
17239.0,2,379.95,0
17242.0,2,1135.04,0
17243.0,30,8628.55,2
17244.0,1,954.9,0
17245.0,1,171.45,0
17247.0,1,282.19,0
17248.0,1,318.65,0
17250.0,2,384.52,0
17251.0,1,283.28000000000003,0
17252.0,2,353.86,0
17253.0,1,178.26,0
17254.0,2,272.44,0
17255.0,2,298.41,0
17256.0,2,240.0,0
17259.0,2,603.37,0
17262.0,5,1253.3600000000001,0
17263.0,1,63.440000000000005,0
17265.0,2,562.9,0
17266.0,3,310.64,0
17267.0,2,317.62,0
17268.0,4,763.64,0
17272.0,5,2144.53,0
17274.0,1,111.97999999999999,0
17277.0,2,1065.3500000000001,0
17278.0,1,246.04,0
17279.0,1,187.82999999999998,0
17282.0,3,1703.41,0
17284.0,7,1641.68,0
17286.0,1,153.92,0
17287.0,7,1064.11,0
17288.0,7,1419.73,0
17289.0,4,936.16,0
17290.0,2,525.24,0
17291.0,1,550.8000000000001,0
17293.0,9,1875.1100000000001,0
17295.0,3,556.95,0
17297.0,1,131.78,0
17298.0,2,498.42,0
17299.0,4,669.11,0
17301.0,1,197.63,0
17302.0,6,1119.93,0
17303.0,1,250.04,0
17306.0,21,8600.73,2
17307.0,1,-152.64000000000001,0
17309.0,1,82.75,0
17311.0,2,1384.85,0
17312.0,3,644.3,0
17313.0,2,2288.13,0
17314.0,11,2514.76,0
17315.0,43,6204.46,2
17317.0,5,2524.02,0
17320.0,3,1200.6200000000001,0
17321.0,2,700.86,0
17323.0,9,908.99,0
17324.0,4,990.23,0
17325.0,1,96.8,0
17329.0,2,523.11,0
17330.0,2,363.9,0
17331.0,1,175.2,0
17333.0,1,494.25,0
17334.0,3,306.6,0
17337.0,7,1944.32,0
17338.0,10,6612.18,0
17339.0,2,243.36,0
17340.0,16,11891.18,2
17341.0,3,781.36,0
17343.0,1,193.64,0
17344.0,1,160.57,0
17345.0,4,537.74,0
17346.0,16,2611.58,0
17347.0,1,228.96,0
17348.0,5,1159.52,0
17349.0,1,110.75,0
17350.0,5,1256.19,0
17351.0,3,587.15,0
17353.0,2,1740.0,0
17354.0,1,1393.06,0
17356.0,1,178.22,0
17357.0,2,388.14,0
17358.0,2,365.85,0
17359.0,1,127.86,0
17360.0,3,585.79,0
17361.0,3,488.2,0
17362.0,2,312.23,0
17364.0,12,4455.73,0
17365.0,8,4801.56,0
17367.0,1,168.4,0
17368.0,9,1349.52,0
17370.0,4,446.18,0
17371.0,3,423.89,0
17372.0,8,1342.68,0
17373.0,4,646.92,0
17374.0,2,495.77,0
17375.0,4,372.5,0
17376.0,2,203.2,0
17377.0,21,3925.92,2
17379.0,1,404.66,0
17381.0,30,20272.43,2
17382.0,1,65.4,0
17383.0,1,199.29,0
17384.0,2,336.4,0
17385.0,1,261.11,0
17386.0,6,2686.42,0
17387.0,2,784.11,0
17388.0,4,1259.56,0
17389.0,43,31300.079999999998,2
17391.0,2,508.8,0
17392.0,2,457.91,0
17394.0,1,203.86999999999998,0
17396.0,8,7330.8,0
17397.0,2,696.41,0
17398.0,3,653.38,0
17400.0,5,2129.96,0
17402.0,13,2633.85,0
17403.0,1,281.62,0
17404.0,18,30300.82,2
17405.0,5,967.22,0
17406.0,5,1928.72,0
17408.0,1,32.65,0
17409.0,2,771.85,0
17410.0,5,1214.72,0
17411.0,4,748.94,0
17412.0,7,1258.06,0
17414.0,2,778.0,0
17415.0,1,507.84,0
17416.0,9,6838.34,0
17418.0,2,463.46000000000004,0
17419.0,14,4200.97,0
17420.0,3,598.83,0
17422.0,10,1853.1299999999999,0
17423.0,4,663.63,0
17425.0,2,759.17,0
17426.0,7,5022.26,0
17427.0,1,100.8,0
17428.0,33,17078.45,2
17429.0,4,512.12,0
17430.0,2,265.76,0
17431.0,1,403.3,0
17432.0,2,365.76,0
17433.0,1,303.15999999999997,0
17434.0,9,2333.42,0
17436.0,2,216.29999999999998,0
17438.0,2,378.3,0
17440.0,5,177.1,0
17442.0,10,2210.2599999999998,0
17443.0,1,534.24,0
17444.0,3,2940.04,0
17446.0,2,120.9,0
17447.0,2,541.53,0
17448.0,1,-4287.63,0
17449.0,8,2504.86,0
17450.0,55,187482.17,1
17451.0,10,1648.95,0
17453.0,2,486.71999999999997,0
17454.0,4,517.53,0
17455.0,1,131.7,0
17456.0,1,249.86,0
17457.0,5,1737.7,0
17458.0,1,316.5,0
17459.0,2,657.3,0
17460.0,8,452.63,0
17461.0,3,757.46,0
17462.0,3,662.94,0
17463.0,6,1881.36,0
17464.0,1,289.96000000000004,0
17466.0,2,763.28,0
17468.0,2,137.0,0
17469.0,6,1843.06,0
17470.0,5,1125.07,0
17472.0,3,710.29,0
17475.0,1,194.37,0
17480.0,2,506.51,0
17481.0,5,1249.34,0
17483.0,3,414.04,0
17486.0,1,396.87,0
17489.0,2,376.64,0
17490.0,11,1926.8799999999999,0
17491.0,11,3541.92,0
17492.0,1,374.57,0
17495.0,2,497.56,0
17496.0,1,271.05,0
17498.0,1,272.22,0
17499.0,1,622.88,0
17500.0,3,1138.0,0
17501.0,2,288.6,0
17502.0,4,689.1,0
17503.0,2,558.96,0
17504.0,10,2745.2799999999997,0
17505.0,2,1145.84,0
17506.0,2,294.29,0
17507.0,2,605.58,0
17508.0,1,387.31,0
17509.0,11,6100.74,0
17510.0,1,308.48,0
17511.0,46,88125.38,1
17512.0,11,2920.04,0
17513.0,1,513.2,0
17514.0,1,208.65,0
17515.0,4,639.02,0
17516.0,5,768.08,0
17517.0,1,153.94,0
17519.0,7,1839.07,0
17520.0,1,546.81,0
17521.0,4,721.9599999999999,0
17522.0,5,1070.71,0
17523.0,4,652.74,0
17524.0,1,145.0,0
17525.0,1,422.70000000000005,0
17526.0,8,706.7,0
17527.0,6,888.86,0
17528.0,11,3540.1,0
17530.0,10,2385.0,0
17531.0,2,293.45,0
17534.0,1,223.36,0
17535.0,1,164.4,0
17536.0,1,76.5,0
17537.0,2,897.62,0
17538.0,1,98.42,0
17540.0,3,570.4,0
17542.0,1,170.75,0
17545.0,3,645.96,0
17547.0,1,-11.8,0
17548.0,3,-141.48,0
17549.0,2,148.86,0
17550.0,3,267.16,0
17551.0,1,306.84,0
17552.0,6,909.96,0
17553.0,1,1487.6,0
17554.0,5,1952.45,0
17555.0,2,483.26,0
17556.0,1,157.9,0
17557.0,3,541.46,0
17560.0,5,854.95,0
17561.0,1,167.62,0
17562.0,8,1107.38,0
17564.0,3,454.01,0
17566.0,2,901.21,0
17567.0,10,4012.56,0
17569.0,1,344.14,0
17571.0,4,1498.51,0
17572.0,4,226.75000000000003,0
17573.0,4,362.9,0
17574.0,1,185.65,0
17576.0,22,3457.78,2
17578.0,2,124.74,0
17579.0,4,440.2,0
17580.0,3,215.72,0
17581.0,31,10736.11,2
17582.0,1,175.27,0
17584.0,3,1227.3,0
17585.0,4,1133.07,0
17588.0,3,1240.2,0
17589.0,4,2404.17,0
17590.0,3,1479.22,0
17591.0,8,2215.02,0
17593.0,6,3911.56,0
17594.0,2,993.18,0
17595.0,2,388.79,0
17596.0,7,2827.93,0
17597.0,1,2044.3700000000001,0
17600.0,1,161.67000000000002,0
17601.0,1,116.00999999999999,0
17602.0,8,5050.77,0
17603.0,5,-1165.3,0
17604.0,2,309.36,0
17608.0,2,193.42,0
17609.0,6,1103.92,0
17611.0,19,3947.87,2
17612.0,10,1992.76,0
17613.0,17,4509.37,2
17614.0,1,390.07,0
17615.0,3,329.6,0
17616.0,3,571.1999999999999,0
17618.0,3,971.58,0
17619.0,1,218.52,0
17620.0,1,81.44,0
17621.0,4,1336.1,0
17623.0,1,527.0500000000001,0
17624.0,2,843.48,0
17625.0,4,2047.0,0
17628.0,1,75.75,0
17629.0,9,1784.12,0
17630.0,2,503.59999999999997,0
17631.0,3,528.33,0
17633.0,6,1242.34,0
17634.0,9,2361.9700000000003,0
17636.0,2,265.93,0
17637.0,2,547.0600000000001,0
17639.0,1,108.5,0
17640.0,1,621.66,0
17642.0,2,712.29,0
17643.0,1,101.55,0
17644.0,17,2768.98,0
17646.0,4,995.6600000000001,0
17647.0,1,133.06,0
17648.0,5,1789.55,0
17649.0,2,861.74,0
17650.0,1,166.08,0
17651.0,14,3886.67,0
17652.0,18,4737.13,2
17653.0,5,1175.88,0
17654.0,1,117.55,0
17655.0,8,2571.7400000000002,0
17656.0,5,1674.69,0
17658.0,3,485.88,0
17659.0,14,2954.75,0
17660.0,1,196.0,0
17663.0,9,1788.27,0
17664.0,2,604.64,0
17666.0,2,728.16,0
17667.0,5,2055.51,0
17668.0,2,347.75,0
17669.0,7,3406.7200000000003,0
17670.0,1,205.7,0
17671.0,6,1284.08,0
17672.0,4,3106.62,0
17673.0,7,1622.22,0
17674.0,2,551.04,0
17675.0,41,20098.1,2
17676.0,7,1383.27,0
17677.0,43,16219.22,2
17678.0,1,298.11,0
17679.0,2,1992.1100000000001,0
17680.0,1,184.4,0
17682.0,7,2459.33,0
17684.0,1,239.41,0
17685.0,7,3191.53,0
17686.0,7,5739.46,0
17690.0,16,4748.45,0
17691.0,2,290.40000000000003,0
17692.0,5,733.4399999999999,0
17693.0,3,187.02,0
17694.0,1,283.12,0
17695.0,2,765.34,0
17696.0,14,2201.05,0
17697.0,1,338.95,0
17698.0,1,154.95,0
17700.0,6,2508.89,0
17701.0,1,417.95,0
17702.0,6,1719.72,0
17703.0,3,798.74,0
17704.0,2,885.19,0
17705.0,10,1781.12,0
17706.0,22,10097.37,2
17707.0,2,152.4,0
17708.0,2,267.08,0
17709.0,1,137.45,0
17711.0,2,385.1,0
17712.0,1,522.91,0
17714.0,1,153.0,0
17715.0,1,326.4,0
17716.0,12,5505.79,0
17718.0,1,139.35,0
17719.0,18,5367.8,2
17720.0,4,1195.94,0
17722.0,6,2380.64,0
17723.0,6,3276.4000000000005,0
17724.0,4,995.6500000000001,0
17725.0,14,3371.13,0
17727.0,2,1042.55,0
17728.0,5,2515.68,0
17730.0,15,5288.83,0
17731.0,5,878.2,0
17732.0,1,303.97,0
17733.0,2,692.19,0
17734.0,3,700.63,0
17735.0,19,13110.02,2
17736.0,4,337.49,0
17737.0,2,168.24,0
17738.0,5,1863.35,0
17739.0,8,2786.05,0
17742.0,2,355.11,0
17744.0,7,2291.08,0
17746.0,2,98.8,0
17747.0,2,64.65,0
17749.0,2,674.52,0
17750.0,9,1797.57,0
17752.0,1,80.64,0
17754.0,6,1739.92,0
17757.0,31,5585.49,2
17758.0,8,3456.7000000000003,0
17759.0,3,834.99,0
17760.0,2,287.59,0
17761.0,1,712.78,0
17763.0,1,15.0,0
17764.0,2,818.8199999999999,0
17765.0,3,371.88,0
17767.0,1,271.2,0
17768.0,3,2273.1800000000003,0
17769.0,12,3960.63,0
17770.0,5,1143.27,0
17771.0,2,245.81,0
17772.0,2,182.77,0
17774.0,5,1215.46,0
17775.0,1,56.4,0
17777.0,3,665.86,0
17779.0,5,642.17,0
17781.0,2,188.02,0
17783.0,2,283.47,0
17785.0,1,131.94,0
17786.0,2,278.74,0
17787.0,4,1865.19,0
17788.0,2,1117.9,0
17789.0,1,225.9,0
17790.0,14,1965.55,0
17791.0,1,106.1,0
17793.0,1,323.04,0
17795.0,2,350.39,0
17796.0,4,697.9,0
17797.0,3,780.43,0
17799.0,11,3026.08,0
17800.0,9,1199.01,0
17802.0,4,1251.84,0
17805.0,1,512.31,0
17806.0,1,546.04,0
17809.0,15,4627.62,0
17811.0,51,7677.71,2
17812.0,4,732.16,0
17813.0,7,1714.6,0
17816.0,4,36.56,0
17817.0,3,387.68,0
17819.0,8,3661.0699999999997,0
17820.0,2,-24.05,0
17824.0,1,298.4,0
17827.0,5,1995.46,0
17828.0,9,1599.97,0
17829.0,1,889.24,0
17830.0,3,398.7,0
17831.0,1,35.400000000000006,0
17832.0,1,155.37,0
17835.0,3,350.64,0
17836.0,1,110.21000000000001,0
17837.0,10,1560.53,0
17838.0,6,2312.7,0
17839.0,1,338.8,0
17841.0,169,40340.78,1
17843.0,1,205.48,0
17844.0,1,51.559999999999995,0
17846.0,1,2033.1,0
17848.0,9,901.1999999999999,0
17849.0,4,605.8000000000001,0
17850.0,35,5288.63,2
17852.0,2,114.34,0
17854.0,2,311.26,0
17855.0,1,208.97,0
17856.0,6,1393.79,0
17857.0,25,26763.34,2
17858.0,12,5155.66,0
17859.0,1,148.21,0
17860.0,1,252.8,0
17861.0,9,2059.2,0
17862.0,1,330.9,0
17863.0,6,3160.0,0
17864.0,3,597.5,0
17865.0,27,10158.54,2
17866.0,2,325.7,0
17867.0,8,622.75,0
17869.0,5,428.18,0
17870.0,13,1889.4,0
17871.0,1,155.9,0
17873.0,6,1764.3600000000001,0
17874.0,7,658.26,0
17877.0,1,237.61,0
17878.0,1,379.45,0
17879.0,1,178.51999999999998,0
17880.0,1,458.92,0
17881.0,1,133.35000000000002,0
17883.0,4,671.77,0
17884.0,4,717.45,0
17885.0,1,190.19,0
17886.0,3,899.61,0
17887.0,1,111.35,0
17888.0,10,525.78,0
17889.0,2,203.87,0
17890.0,2,602.09,0
17891.0,1,203.85999999999999,0
17892.0,3,244.1,0
17893.0,1,112.25,0
17894.0,8,1119.81,0
17895.0,1,98.0,0
17896.0,1,256.32,0
17897.0,4,541.1,0
17898.0,2,152.06,0
17899.0,1,155.8,0
17900.0,4,15.0,0
17901.0,1,110.38,0
17904.0,2,178.92,0
17905.0,4,800.24,0
17906.0,1,72.9,0
17908.0,1,243.28,0
17911.0,1,366.23,0
17912.0,6,295.61,0
17913.0,2,411.6,0
17914.0,1,336.43,0
17917.0,3,341.28,0
17919.0,1,1304.04,0
17920.0,17,4204.1,2
17921.0,4,826.52,0
17923.0,1,207.50000000000003,0
17924.0,13,2894.33,0
17925.0,1,244.08,0
17926.0,2,397.29,0
17928.0,2,212.54,0
17929.0,5,834.5,0
17930.0,5,1740.48,0
17931.0,2,408.36,0
17932.0,3,1331.57,0
17934.0,2,704.25,0
17935.0,2,145.79,0
17936.0,1,389.84,0
17937.0,7,4301.22,0
17939.0,1,99.14,0
17940.0,14,1983.5800000000002,0
17941.0,1,304.56,0
17942.0,1,77.50000000000001,0
17946.0,2,149.57999999999998,0
17947.0,1,176.68,0
17948.0,1,358.56000000000006,0
17949.0,52,52750.84,2
17950.0,4,472.12,0
17951.0,4,990.8400000000001,0
17954.0,16,2295.37,0
17955.0,4,557.3,0
17956.0,1,12.75,0
17957.0,1,111.68,0
17958.0,1,508.4599999999999,0
17960.0,1,73.78,0
17961.0,39,1296.44,2
17962.0,1,102.83,0
17964.0,2,471.7,0
17965.0,14,2622.57,0
17966.0,5,1098.43,0
17967.0,1,123.07,0
17968.0,1,277.35,0
17969.0,2,228.2,0
17970.0,1,582.59,0
17972.0,1,136.04,0
17973.0,1,337.04,0
17974.0,3,740.79,0
17975.0,14,4393.61,0
17976.0,1,353.19,0
17977.0,1,288.14,0
17978.0,1,300.91999999999996,0
17979.0,5,737.81,0
17980.0,3,811.45,0
17984.0,1,152.68,0
17985.0,1,634.95,0
17986.0,1,20.8,0
17987.0,1,198.57,0
17988.0,8,191.17000000000002,0
17990.0,3,630.84,0
17991.0,2,93.35,0
17994.0,6,629.6899999999999,0
17995.0,1,76.1,0
17997.0,12,1511.3,0
17999.0,2,382.06,0
18001.0,2,417.23,0
18004.0,1,169.47,0
18005.0,2,249.72,0
18006.0,1,444.68,0
18008.0,9,2116.19,0
18009.0,2,252.24,0
18010.0,1,174.8,0
18011.0,1,102.78999999999999,0
18013.0,2,187.29,0
18014.0,1,166.42,0
18015.0,1,120.03,0
18016.0,5,1483.56,0
18017.0,3,523.0,0
18018.0,2,122.14,0
18019.0,1,38.45,0
18022.0,1,668.11,0
18024.0,3,236.77999999999997,0
18027.0,1,115.31,0
18030.0,3,220.7,0
18032.0,1,73.5,0
18033.0,1,97.97,0
18034.0,2,422.88,0
18035.0,3,730.4,0
18036.0,3,405.62,0
18037.0,6,70.02,0
18040.0,2,357.20000000000005,0
18041.0,22,4161.14,2
18042.0,1,165.04999999999998,0
18043.0,3,559.51,0
18044.0,11,2085.65,0
18045.0,1,189.4,0
18048.0,2,172.29000000000002,0
18050.0,1,74.4,0
18053.0,2,297.07,0
18055.0,11,6752.14,0
18056.0,1,363.65,0
18058.0,1,170.16,0
18059.0,4,296.71,0
18061.0,10,2119.41,0
18062.0,3,720.52,0
18064.0,2,814.0,0
18065.0,15,2380.08,0
18066.0,1,318.0,0
18067.0,1,396.33,0
18068.0,1,101.69999999999999,0
18069.0,7,2021.82,0
18071.0,2,453.0,0
18072.0,2,-5.329070518200751e-15,0
18073.0,13,3864.44,0
18074.0,1,489.6,0
18075.0,14,2538.7200000000003,0
18077.0,11,2633.0099999999998,0
18078.0,2,336.13,0
18079.0,4,3651.97,0
18080.0,2,1231.5,0
18081.0,3,343.45,0
18082.0,1,703.37,0
18084.0,2,87.52999999999999,0
18085.0,2,689.95,0
18086.0,1,101.34,0
18087.0,4,3770.1199999999994,0
18088.0,1,167.67000000000002,0
18092.0,12,9065.76,0
18093.0,5,2083.42,0
18094.0,7,3017.3,0
18095.0,2,580.0500000000001,0
18096.0,3,911.15,0
18097.0,7,2692.85,0
18099.0,1,168.31,0
18101.0,2,223.65,0
18102.0,62,256438.49,1
18104.0,1,754.64,0
18105.0,1,113.48000000000002,0
18106.0,1,430.7,0
18108.0,2,264.65,0
18109.0,31,7925.32,2
18110.0,2,206.05,0
18112.0,2,352.69,0
18113.0,1,76.32000000000001,0
18114.0,1,220.1,0
18116.0,8,1418.03,0
18117.0,1,320.72,0
18118.0,31,5595.77,2
18119.0,1,181.12,0
18120.0,1,111.15,0
18121.0,2,673.1,0
18122.0,6,1826.21,0
18123.0,2,589.4399999999999,0
18125.0,5,1141.34,0
18126.0,1,206.82999999999998,0
18127.0,3,348.73,0
18129.0,1,112.55000000000001,0
18130.0,4,1045.74,0
18133.0,2,715.4999999999999,0
18135.0,5,681.9100000000001,0
18136.0,4,761.83,0
18138.0,1,152.65,0
18139.0,8,8393.22,0
18141.0,1,-35.400000000000006,0
18142.0,4,1014.9,0
18143.0,2,1000.16,0
18144.0,12,2888.75,0
18145.0,4,2861.55,0
18146.0,2,160.35000000000002,0
18147.0,2,179.33999999999997,0
18149.0,3,612.0799999999999,0
18150.0,3,566.58,0
18151.0,2,653.35,0
18154.0,2,399.19,0
18155.0,4,347.82,0
18156.0,2,734.94,0
18158.0,3,451.75,0
18159.0,1,530.15,0
18160.0,2,638.0600000000001,0
18161.0,6,1612.79,0
18164.0,2,394.7,0
18165.0,1,302.46000000000004,0
18167.0,6,1355.51,0
18168.0,9,1133.64,0
18169.0,1,202.65,0
18170.0,3,980.31,0
18171.0,7,1208.51,0
18172.0,25,7490.17,2
18173.0,4,2106.84,0
18174.0,1,104.0,0
18176.0,2,448.65,0
18177.0,7,1314.17,0
18178.0,6,1573.41,0
18179.0,6,1793.17,0
18180.0,6,1843.75,0
18181.0,1,382.8,0
18183.0,6,600.52,0
18184.0,1,49.8,0
18185.0,1,304.25,0
18188.0,4,1998.49,0
18189.0,3,1084.34,0
18190.0,3,274.51,0
18191.0,1,207.79999999999998,0
18192.0,1,957.97,0
18193.0,3,212.96,0
18194.0,2,896.0,0
18196.0,2,689.13,0
18198.0,21,5083.06,2
18200.0,1,163.8,0
18202.0,3,1396.99,0
18203.0,1,160.42000000000002,0
18204.0,4,1979.3,0
18205.0,2,517.36,0
18209.0,1,139.10000000000002,0
18210.0,6,2621.38,0
18211.0,5,600.07,0
18212.0,1,248.42,0
18213.0,1,232.48000000000002,0
18215.0,1,299.34000000000003,0
18216.0,1,481.75,0
18217.0,2,621.75,0
18218.0,4,626.38,0
18219.0,11,2019.77,0
18220.0,2,297.78000000000003,0
18221.0,6,1033.31,0
18222.0,1,443.0,0
18223.0,27,6315.2300000000005,2
18224.0,1,158.95000000000002,0
18225.0,17,5361.02,2
18226.0,14,5192.1,0
18227.0,1,93.75,0
18228.0,3,769.2,0
18229.0,20,7276.900000000001,2
18230.0,10,2716.6000000000004,0
18231.0,6,2066.17,0
18232.0,5,582.47,0
18233.0,1,440.0,0
18235.0,3,1796.48,0
18236.0,6,882.24,0
18237.0,5,987.1,0
18239.0,5,1561.6100000000001,0
18240.0,1,422.58,0
18241.0,18,2058.09,2
18242.0,4,2232.4900000000002,0
18245.0,8,2507.56,0
18246.0,2,596.1,0
18248.0,4,783.02,0
18249.0,1,95.34,0
18250.0,2,342.92,0
18251.0,1,4314.72,0
18252.0,2,526.67,0
18255.0,1,103.3,0
18256.0,1,-50.1,0
18257.0,12,2265.38,0
18259.0,3,2338.6000000000004,0
18260.0,8,2595.0,0
18261.0,2,324.24,0
18262.0,1,149.48,0
18263.0,4,1211.08,0
18265.0,2,801.51,0
18268.0,2,0.0,0
18269.0,2,138.9,0
18270.0,3,238.95000000000002,0
18272.0,7,3064.78,0
18273.0,3,204.0,0
18274.0,2,1.7763568394002505e-15,0
18276.0,3,323.36,0
18277.0,2,97.63,0
18278.0,1,173.9,0
18280.0,1,180.60000000000002,0
18281.0,1,80.82,0
18282.0,3,176.6,0
18283.0,16,2094.88,0
18287.0,3,1837.28,0
